,market,account_type,funnel,periods_for_acc_cal,changepoint_prior_scale,seasonality_prior_scale,holidays_prior_scale,seasonality_mode,input_mode,weekday_or_weekend,include_holiday,covid_year_exclude,covid_year_dummy,anomaly_2021,generic_cost_split,competitor_cost_split,new_confirmed,January_Feb_2023,power,growth,MAPE,period_AE
0,US,Bing Ads,Generic,183,0.1,10.0,10.0,multiplicative,additive,additive,customized,na,na,na,na,na,na,multiplicative,na,linear,101.84,32.16
0,US,Bing Ads,Generic,183,0.1,10.0,10.0,multiplicative,additive,additive,customized,na,na,na,na,na,na,na,na,logistic,88.28,95.7
0,US,Bing Ads,Generic,183,0.1,10.0,10.0,multiplicative,additive,additive,customized,na,na,na,na,na,na,additive,na,logistic,88.28,95.7
0,US,Bing Ads,Generic,183,0.1,10.0,10.0,multiplicative,additive,additive,customized,na,na,na,na,na,na,multiplicative,na,logistic,88.28,95.7
0,US,Bing Ads,Generic,183,0.1,10.0,10.0,multiplicative,additive,multiplicative,na,na,na,na,na,na,na,na,na,linear,69.42,63.49
0,US,Bing Ads,Generic,183,0.1,10.0,10.0,multiplicative,additive,multiplicative,na,na,na,na,na,na,na,additive,na,linear,69.42,63.49
0,US,Bing Ads,Generic,183,0.1,10.0,10.0,multiplicative,additive,multiplicative,na,na,na,na,na,na,na,na,na,logistic,99.85,99.57000000000001
0,US,Bing Ads,Generic,183,0.1,10.0,10.0,multiplicative,additive,multiplicative,na,na,na,na,na,na,na,additive,na,logistic,99.85,99.57000000000001
0,US,Bing Ads,Generic,183,0.1,10.0,10.0,multiplicative,additive,multiplicative,na,na,na,na,na,na,na,multiplicative,na,linear,69.42,63.49
0,US,Bing Ads,Generic,183,0.1,10.0,10.0,multiplicative,additive,multiplicative,na,na,na,na,na,na,na,multiplicative,na,logistic,99.85,99.57000000000001
0,US,Bing Ads,Generic,183,0.1,10.0,10.0,multiplicative,additive,multiplicative,default,na,na,na,na,na,na,na,na,linear,69.42,63.49
0,US,Bing Ads,Generic,183,0.1,10.0,10.0,multiplicative,additive,multiplicative,default,na,na,na,na,na,na,additive,na,linear,69.42,63.49
0,US,Bing Ads,Generic,183,0.1,10.0,10.0,multiplicative,additive,multiplicative,default,na,na,na,na,na,na,na,na,logistic,99.85,99.57000000000001
0,US,Bing Ads,Generic,183,0.1,10.0,10.0,multiplicative,additive,multiplicative,default,na,na,na,na,na,na,additive,na,logistic,99.85,99.57000000000001
0,US,Bing Ads,Generic,183,0.1,10.0,10.0,multiplicative,additive,multiplicative,default,na,na,na,na,na,na,multiplicative,na,linear,69.42,63.49
0,US,Bing Ads,Generic,183,0.1,10.0,10.0,multiplicative,additive,multiplicative,default,na,na,na,na,na,na,multiplicative,na,logistic,99.85,99.57000000000001
0,US,Bing Ads,Generic,183,0.1,10.0,10.0,multiplicative,additive,multiplicative,customized,na,na,na,na,na,na,na,na,linear,69.42,63.49
0,US,Bing Ads,Generic,183,0.1,10.0,10.0,multiplicative,additive,multiplicative,customized,na,na,na,na,na,na,na,na,logistic,99.85,99.57000000000001
0,US,Bing Ads,Generic,183,0.1,10.0,10.0,multiplicative,additive,multiplicative,customized,na,na,na,na,na,na,additive,na,linear,69.42,63.49
0,US,Bing Ads,Generic,183,0.1,10.0,10.0,multiplicative,additive,multiplicative,customized,na,na,na,na,na,na,additive,na,logistic,99.85,99.57000000000001
0,US,Bing Ads,Generic,183,0.1,10.0,10.0,multiplicative,additive,multiplicative,customized,na,na,na,na,na,na,multiplicative,na,linear,69.42,63.49
0,US,Bing Ads,Generic,183,0.1,10.0,10.0,multiplicative,additive,multiplicative,customized,na,na,na,na,na,na,multiplicative,na,logistic,99.85,99.57000000000001
0,US,Bing Ads,Generic,183,0.1,10.0,10.0,multiplicative,multiplicative,na,na,na,na,na,na,na,na,na,na,linear,104.29,32.440000000000005
0,US,Bing Ads,Generic,183,0.1,10.0,10.0,multiplicative,multiplicative,na,na,na,na,na,na,na,na,additive,na,linear,104.29,32.440000000000005
0,US,Bing Ads,Generic,183,0.1,10.0,10.0,multiplicative,multiplicative,na,na,na,na,na,na,na,na,na,na,logistic,100.0,100.0
0,US,Bing Ads,Generic,183,0.1,10.0,10.0,multiplicative,multiplicative,na,na,na,na,na,na,na,na,additive,na,logistic,100.0,100.0
0,US,Bing Ads,Generic,183,0.1,10.0,10.0,multiplicative,multiplicative,na,na,na,na,na,na,na,na,multiplicative,na,linear,104.29,32.440000000000005
0,US,Bing Ads,Generic,183,0.1,10.0,10.0,multiplicative,multiplicative,na,na,na,na,na,na,na,na,multiplicative,na,logistic,100.0,100.0
0,US,Bing Ads,Generic,183,0.1,10.0,10.0,multiplicative,multiplicative,na,default,na,na,na,na,na,na,na,na,linear,104.29,32.440000000000005
0,US,Bing Ads,Generic,183,0.1,10.0,10.0,multiplicative,multiplicative,na,default,na,na,na,na,na,na,additive,na,linear,104.29,32.440000000000005
0,US,Bing Ads,Generic,183,0.1,10.0,10.0,multiplicative,multiplicative,na,default,na,na,na,na,na,na,na,na,logistic,100.0,100.0
0,US,Bing Ads,Generic,183,0.1,10.0,10.0,multiplicative,multiplicative,na,default,na,na,na,na,na,na,multiplicative,na,linear,104.29,32.440000000000005
0,US,Bing Ads,Generic,183,0.1,10.0,10.0,multiplicative,multiplicative,na,default,na,na,na,na,na,na,additive,na,logistic,100.0,100.0
0,US,Bing Ads,Generic,183,0.1,10.0,10.0,multiplicative,multiplicative,na,default,na,na,na,na,na,na,multiplicative,na,logistic,100.0,100.0
0,US,Bing Ads,Generic,183,0.1,10.0,10.0,multiplicative,multiplicative,na,customized,na,na,na,na,na,na,na,na,linear,104.29,32.440000000000005
0,US,Bing Ads,Generic,183,0.1,10.0,10.0,multiplicative,multiplicative,na,customized,na,na,na,na,na,na,additive,na,linear,104.29,32.440000000000005
0,US,Bing Ads,Generic,183,0.1,10.0,10.0,multiplicative,multiplicative,na,customized,na,na,na,na,na,na,na,na,logistic,100.0,100.0
0,US,Bing Ads,Generic,183,0.1,10.0,10.0,multiplicative,multiplicative,na,customized,na,na,na,na,na,na,additive,na,logistic,100.0,100.0
0,US,Bing Ads,Generic,183,0.1,10.0,10.0,multiplicative,multiplicative,na,customized,na,na,na,na,na,na,multiplicative,na,linear,104.29,32.440000000000005
0,US,Bing Ads,Generic,183,0.1,10.0,10.0,multiplicative,multiplicative,na,customized,na,na,na,na,na,na,multiplicative,na,logistic,100.0,100.0
0,US,Bing Ads,Generic,183,0.1,10.0,10.0,multiplicative,multiplicative,additive,na,na,na,na,na,na,na,na,na,linear,117.04,27.79
0,US,Bing Ads,Generic,183,0.1,10.0,10.0,multiplicative,multiplicative,additive,na,na,na,na,na,na,na,additive,na,linear,117.04,27.79
0,US,Bing Ads,Generic,183,0.1,10.0,10.0,multiplicative,multiplicative,additive,na,na,na,na,na,na,na,na,na,logistic,83.98,94.78
0,US,Bing Ads,Generic,183,0.1,10.0,10.0,multiplicative,multiplicative,additive,na,na,na,na,na,na,na,additive,na,logistic,83.98,94.78
0,US,Bing Ads,Generic,183,0.1,10.0,10.0,multiplicative,multiplicative,additive,na,na,na,na,na,na,na,multiplicative,na,linear,117.04,27.79
0,US,Bing Ads,Generic,183,0.1,10.0,10.0,multiplicative,multiplicative,additive,na,na,na,na,na,na,na,multiplicative,na,logistic,83.98,94.78
0,US,Bing Ads,Generic,183,0.1,10.0,10.0,multiplicative,multiplicative,additive,default,na,na,na,na,na,na,na,na,linear,117.04,27.79
0,US,Bing Ads,Generic,183,0.1,10.0,10.0,multiplicative,multiplicative,additive,default,na,na,na,na,na,na,additive,na,linear,117.04,27.79
0,US,Bing Ads,Generic,183,0.1,10.0,10.0,multiplicative,multiplicative,additive,default,na,na,na,na,na,na,na,na,logistic,83.98,94.78
0,US,Bing Ads,Generic,183,0.1,10.0,10.0,multiplicative,multiplicative,additive,default,na,na,na,na,na,na,additive,na,logistic,83.98,94.78
0,US,Bing Ads,Generic,183,0.1,10.0,10.0,multiplicative,multiplicative,additive,default,na,na,na,na,na,na,multiplicative,na,linear,117.04,27.79
0,US,Bing Ads,Generic,183,0.1,10.0,10.0,multiplicative,multiplicative,additive,default,na,na,na,na,na,na,multiplicative,na,logistic,83.98,94.78
0,US,Bing Ads,Generic,183,0.1,10.0,10.0,multiplicative,multiplicative,additive,customized,na,na,na,na,na,na,na,na,linear,117.04,27.79
0,US,Bing Ads,Generic,183,0.1,10.0,10.0,multiplicative,multiplicative,additive,customized,na,na,na,na,na,na,additive,na,linear,117.04,27.79
0,US,Bing Ads,Generic,183,0.1,10.0,10.0,multiplicative,multiplicative,additive,customized,na,na,na,na,na,na,na,na,logistic,83.98,94.78
0,US,Bing Ads,Generic,183,0.1,10.0,10.0,multiplicative,multiplicative,additive,customized,na,na,na,na,na,na,multiplicative,na,linear,117.04,27.79
0,US,Bing Ads,Generic,183,0.1,10.0,10.0,multiplicative,multiplicative,additive,customized,na,na,na,na,na,na,additive,na,logistic,83.98,94.78
0,US,Bing Ads,Generic,183,0.1,10.0,10.0,multiplicative,multiplicative,additive,customized,na,na,na,na,na,na,multiplicative,na,logistic,83.98,94.78
0,US,Bing Ads,Generic,183,0.1,10.0,10.0,multiplicative,multiplicative,multiplicative,na,na,na,na,na,na,na,na,na,linear,69.1,59.589999999999996
0,US,Bing Ads,Generic,183,0.1,10.0,10.0,multiplicative,multiplicative,multiplicative,na,na,na,na,na,na,na,na,na,logistic,100.0,100.0
0,US,Bing Ads,Generic,183,0.1,10.0,10.0,multiplicative,multiplicative,multiplicative,na,na,na,na,na,na,na,additive,na,linear,69.1,59.589999999999996
0,US,Bing Ads,Generic,183,0.1,10.0,10.0,multiplicative,multiplicative,multiplicative,na,na,na,na,na,na,na,additive,na,logistic,100.0,100.0
0,US,Bing Ads,Generic,183,0.1,10.0,10.0,multiplicative,multiplicative,multiplicative,na,na,na,na,na,na,na,multiplicative,na,linear,69.1,59.589999999999996
0,US,Bing Ads,Generic,183,0.1,10.0,10.0,multiplicative,multiplicative,multiplicative,na,na,na,na,na,na,na,multiplicative,na,logistic,100.0,100.0
0,US,Bing Ads,Generic,183,0.1,10.0,10.0,multiplicative,multiplicative,multiplicative,default,na,na,na,na,na,na,na,na,linear,69.1,59.589999999999996
0,US,Bing Ads,Generic,183,0.1,10.0,10.0,multiplicative,multiplicative,multiplicative,default,na,na,na,na,na,na,na,na,logistic,100.0,100.0
0,US,Bing Ads,Generic,183,0.1,10.0,10.0,multiplicative,multiplicative,multiplicative,default,na,na,na,na,na,na,additive,na,linear,69.1,59.589999999999996
0,US,Bing Ads,Generic,183,0.1,10.0,10.0,multiplicative,multiplicative,multiplicative,default,na,na,na,na,na,na,additive,na,logistic,100.0,100.0
0,US,Bing Ads,Generic,183,0.1,10.0,10.0,multiplicative,multiplicative,multiplicative,default,na,na,na,na,na,na,multiplicative,na,linear,69.1,59.589999999999996
0,US,Bing Ads,Generic,183,0.1,10.0,10.0,multiplicative,multiplicative,multiplicative,default,na,na,na,na,na,na,multiplicative,na,logistic,100.0,100.0
0,US,Bing Ads,Generic,183,0.1,10.0,10.0,multiplicative,multiplicative,multiplicative,customized,na,na,na,na,na,na,na,na,linear,69.1,59.589999999999996
0,US,Bing Ads,Generic,183,0.1,10.0,10.0,multiplicative,multiplicative,multiplicative,customized,na,na,na,na,na,na,na,na,logistic,100.0,100.0
0,US,Bing Ads,Generic,183,0.1,10.0,10.0,multiplicative,multiplicative,multiplicative,customized,na,na,na,na,na,na,additive,na,linear,69.1,59.589999999999996
0,US,Bing Ads,Generic,183,0.1,10.0,10.0,multiplicative,multiplicative,multiplicative,customized,na,na,na,na,na,na,additive,na,logistic,100.0,100.0
0,US,Bing Ads,Generic,183,0.1,10.0,10.0,multiplicative,multiplicative,multiplicative,customized,na,na,na,na,na,na,multiplicative,na,linear,69.1,59.589999999999996
0,US,Bing Ads,Generic,183,0.1,10.0,10.0,multiplicative,multiplicative,multiplicative,customized,na,na,na,na,na,na,multiplicative,na,logistic,100.0,100.0
0,US,Bing Ads,Generic,183,0.1,10.0,1.0,additive,additive,na,na,na,na,na,na,na,na,na,na,linear,208.85,11.51
0,US,Bing Ads,Generic,183,0.1,10.0,1.0,additive,additive,na,na,na,na,na,na,na,na,additive,na,linear,208.85,11.51
0,US,Bing Ads,Generic,183,0.1,10.0,1.0,additive,additive,na,na,na,na,na,na,na,na,multiplicative,na,linear,208.85,11.51
0,US,Bing Ads,Generic,183,0.1,10.0,1.0,additive,additive,na,na,na,na,na,na,na,na,na,na,logistic,115.23,44.67
0,US,Bing Ads,Generic,183,0.1,10.0,1.0,additive,additive,na,na,na,na,na,na,na,na,additive,na,logistic,115.23,44.67
0,US,Bing Ads,Generic,183,0.1,10.0,1.0,additive,additive,na,na,na,na,na,na,na,na,multiplicative,na,logistic,115.23,44.67
0,US,Bing Ads,Generic,183,0.1,10.0,1.0,additive,additive,na,default,na,na,na,na,na,na,na,na,linear,208.85,11.51
0,US,Bing Ads,Generic,183,0.1,10.0,1.0,additive,additive,na,default,na,na,na,na,na,na,additive,na,linear,208.85,11.51
0,US,Bing Ads,Generic,183,0.1,10.0,1.0,additive,additive,na,default,na,na,na,na,na,na,na,na,logistic,115.23,44.67
0,US,Bing Ads,Generic,183,0.1,10.0,1.0,additive,additive,na,default,na,na,na,na,na,na,multiplicative,na,linear,208.85,11.51
0,US,Bing Ads,Generic,183,0.1,10.0,1.0,additive,additive,na,default,na,na,na,na,na,na,additive,na,logistic,115.23,44.67
0,US,Bing Ads,Generic,183,0.1,10.0,1.0,additive,additive,na,default,na,na,na,na,na,na,multiplicative,na,logistic,115.23,44.67
0,US,Bing Ads,Generic,183,0.1,10.0,1.0,additive,additive,na,customized,na,na,na,na,na,na,na,na,linear,208.85,11.51
0,US,Bing Ads,Generic,183,0.1,10.0,1.0,additive,additive,na,customized,na,na,na,na,na,na,additive,na,linear,208.85,11.51
0,US,Bing Ads,Generic,183,0.1,10.0,1.0,additive,additive,na,customized,na,na,na,na,na,na,multiplicative,na,linear,208.85,11.51
0,US,Bing Ads,Generic,183,0.1,10.0,1.0,additive,additive,na,customized,na,na,na,na,na,na,na,na,logistic,115.23,44.67
0,US,Bing Ads,Generic,183,0.1,10.0,1.0,additive,additive,na,customized,na,na,na,na,na,na,additive,na,logistic,115.23,44.67
0,US,Bing Ads,Generic,183,0.1,10.0,1.0,additive,additive,na,customized,na,na,na,na,na,na,multiplicative,na,logistic,115.23,44.67
0,US,Bing Ads,Generic,183,0.1,10.0,1.0,additive,additive,additive,na,na,na,na,na,na,na,na,na,linear,216.33,15.479999999999999
0,US,Bing Ads,Generic,183,0.1,10.0,1.0,additive,additive,additive,na,na,na,na,na,na,na,additive,na,linear,216.33,15.479999999999999
0,US,Bing Ads,Generic,183,0.1,10.0,1.0,additive,additive,additive,na,na,na,na,na,na,na,multiplicative,na,linear,216.33,15.479999999999999
0,US,Bing Ads,Generic,183,0.1,10.0,1.0,additive,additive,additive,na,na,na,na,na,na,na,additive,na,logistic,367.98,66.82000000000001
0,US,Bing Ads,Generic,183,0.1,10.0,1.0,additive,additive,additive,na,na,na,na,na,na,na,na,na,logistic,367.98,66.82000000000001
0,US,Bing Ads,Generic,183,0.1,10.0,1.0,additive,additive,additive,na,na,na,na,na,na,na,multiplicative,na,logistic,367.98,66.82000000000001
0,US,Bing Ads,Generic,183,0.1,10.0,1.0,additive,additive,additive,default,na,na,na,na,na,na,na,na,linear,216.33,15.479999999999999
0,US,Bing Ads,Generic,183,0.1,10.0,1.0,additive,additive,additive,default,na,na,na,na,na,na,additive,na,linear,216.33,15.479999999999999
0,US,Bing Ads,Generic,183,0.1,10.0,1.0,additive,additive,additive,default,na,na,na,na,na,na,multiplicative,na,linear,216.33,15.479999999999999
0,US,Bing Ads,Generic,183,0.1,10.0,1.0,additive,additive,additive,default,na,na,na,na,na,na,na,na,logistic,367.98,66.82000000000001
0,US,Bing Ads,Generic,183,0.1,10.0,1.0,additive,additive,additive,default,na,na,na,na,na,na,additive,na,logistic,367.98,66.82000000000001
0,US,Bing Ads,Generic,183,0.1,10.0,1.0,additive,additive,additive,default,na,na,na,na,na,na,multiplicative,na,logistic,367.98,66.82000000000001
0,US,Bing Ads,Generic,183,0.1,10.0,1.0,additive,additive,additive,customized,na,na,na,na,na,na,na,na,linear,216.33,15.479999999999999
0,US,Bing Ads,Generic,183,0.1,10.0,1.0,additive,additive,additive,customized,na,na,na,na,na,na,additive,na,linear,216.33,15.479999999999999
0,US,Bing Ads,Generic,183,0.1,10.0,1.0,additive,additive,additive,customized,na,na,na,na,na,na,multiplicative,na,linear,216.33,15.479999999999999
0,US,Bing Ads,Generic,183,0.1,10.0,1.0,additive,additive,additive,customized,na,na,na,na,na,na,na,na,logistic,367.98,66.82000000000001
0,US,Bing Ads,Generic,183,0.1,10.0,1.0,additive,additive,additive,customized,na,na,na,na,na,na,additive,na,logistic,367.98,66.82000000000001
0,US,Bing Ads,Generic,183,0.1,10.0,1.0,additive,additive,additive,customized,na,na,na,na,na,na,multiplicative,na,logistic,367.98,66.82000000000001
0,US,Bing Ads,Generic,183,0.1,10.0,1.0,additive,additive,multiplicative,na,na,na,na,na,na,na,na,na,linear,172.92,4.390000000000001
0,US,Bing Ads,Generic,183,0.1,10.0,1.0,additive,additive,multiplicative,na,na,na,na,na,na,na,additive,na,linear,172.92,4.390000000000001
0,US,Bing Ads,Generic,183,0.1,10.0,1.0,additive,additive,multiplicative,na,na,na,na,na,na,na,na,na,logistic,112.26,45.22
0,US,Bing Ads,Generic,183,0.1,10.0,1.0,additive,additive,multiplicative,na,na,na,na,na,na,na,multiplicative,na,linear,172.92,4.390000000000001
0,US,Bing Ads,Generic,183,0.1,10.0,1.0,additive,additive,multiplicative,na,na,na,na,na,na,na,additive,na,logistic,112.26,45.22
0,US,Bing Ads,Generic,183,0.1,10.0,1.0,additive,additive,multiplicative,na,na,na,na,na,na,na,multiplicative,na,logistic,112.26,45.22
0,US,Bing Ads,Generic,183,0.1,10.0,1.0,additive,additive,multiplicative,default,na,na,na,na,na,na,na,na,linear,172.92,4.390000000000001
0,US,Bing Ads,Generic,183,0.1,10.0,1.0,additive,additive,multiplicative,default,na,na,na,na,na,na,additive,na,linear,172.92,4.390000000000001
0,US,Bing Ads,Generic,183,0.1,10.0,1.0,additive,additive,multiplicative,default,na,na,na,na,na,na,multiplicative,na,linear,172.92,4.390000000000001
0,US,Bing Ads,Generic,183,0.1,10.0,1.0,additive,additive,multiplicative,default,na,na,na,na,na,na,na,na,logistic,112.26,45.22
0,US,Bing Ads,Generic,183,0.1,10.0,1.0,additive,additive,multiplicative,default,na,na,na,na,na,na,additive,na,logistic,112.26,45.22
0,US,Bing Ads,Generic,183,0.1,10.0,1.0,additive,additive,multiplicative,default,na,na,na,na,na,na,multiplicative,na,logistic,112.26,45.22
0,US,Bing Ads,Generic,183,0.1,10.0,1.0,additive,additive,multiplicative,customized,na,na,na,na,na,na,na,na,linear,172.92,4.390000000000001
0,US,Bing Ads,Generic,183,0.1,10.0,1.0,additive,additive,multiplicative,customized,na,na,na,na,na,na,additive,na,linear,172.92,4.390000000000001
0,US,Bing Ads,Generic,183,0.1,10.0,1.0,additive,additive,multiplicative,customized,na,na,na,na,na,na,multiplicative,na,linear,172.92,4.390000000000001
0,US,Bing Ads,Generic,183,0.1,10.0,1.0,additive,additive,multiplicative,customized,na,na,na,na,na,na,na,na,logistic,112.26,45.22
0,US,Bing Ads,Generic,183,0.1,10.0,1.0,additive,additive,multiplicative,customized,na,na,na,na,na,na,additive,na,logistic,112.26,45.22
0,US,Bing Ads,Generic,183,0.1,10.0,1.0,additive,additive,multiplicative,customized,na,na,na,na,na,na,multiplicative,na,logistic,112.26,45.22
0,US,Bing Ads,Generic,183,0.1,10.0,1.0,additive,multiplicative,na,na,na,na,na,na,na,na,na,na,linear,244.4,25.669999999999998
0,US,Bing Ads,Generic,183,0.1,10.0,1.0,additive,multiplicative,na,na,na,na,na,na,na,na,additive,na,linear,244.4,25.669999999999998
0,US,Bing Ads,Generic,183,0.1,10.0,1.0,additive,multiplicative,na,na,na,na,na,na,na,na,na,na,logistic,105.02,51.9
0,US,Bing Ads,Generic,183,0.1,10.0,1.0,additive,multiplicative,na,na,na,na,na,na,na,na,additive,na,logistic,105.02,51.9
0,US,Bing Ads,Generic,183,0.1,10.0,1.0,additive,multiplicative,na,na,na,na,na,na,na,na,multiplicative,na,linear,244.4,25.669999999999998
0,US,Bing Ads,Generic,183,0.1,10.0,1.0,additive,multiplicative,na,na,na,na,na,na,na,na,multiplicative,na,logistic,105.02,51.9
0,US,Bing Ads,Generic,183,0.1,10.0,1.0,additive,multiplicative,na,default,na,na,na,na,na,na,na,na,linear,244.4,25.669999999999998
0,US,Bing Ads,Generic,183,0.1,10.0,1.0,additive,multiplicative,na,default,na,na,na,na,na,na,additive,na,linear,244.4,25.669999999999998
0,US,Bing Ads,Generic,183,0.1,10.0,1.0,additive,multiplicative,na,default,na,na,na,na,na,na,na,na,logistic,105.02,51.9
0,US,Bing Ads,Generic,183,0.1,10.0,1.0,additive,multiplicative,na,default,na,na,na,na,na,na,multiplicative,na,linear,244.4,25.669999999999998
0,US,Bing Ads,Generic,183,0.1,10.0,1.0,additive,multiplicative,na,default,na,na,na,na,na,na,additive,na,logistic,105.02,51.9
0,US,Bing Ads,Generic,183,0.1,10.0,1.0,additive,multiplicative,na,default,na,na,na,na,na,na,multiplicative,na,logistic,105.02,51.9
0,US,Bing Ads,Generic,183,0.1,10.0,1.0,additive,multiplicative,na,customized,na,na,na,na,na,na,na,na,linear,244.4,25.669999999999998
0,US,Bing Ads,Generic,183,0.1,10.0,1.0,additive,multiplicative,na,customized,na,na,na,na,na,na,additive,na,linear,244.4,25.669999999999998
0,US,Bing Ads,Generic,183,0.1,10.0,1.0,additive,multiplicative,na,customized,na,na,na,na,na,na,na,na,logistic,105.02,51.9
0,US,Bing Ads,Generic,183,0.1,10.0,1.0,additive,multiplicative,na,customized,na,na,na,na,na,na,additive,na,logistic,105.02,51.9
0,US,Bing Ads,Generic,183,0.1,10.0,1.0,additive,multiplicative,na,customized,na,na,na,na,na,na,multiplicative,na,linear,244.4,25.669999999999998
0,US,Bing Ads,Generic,183,0.1,10.0,1.0,additive,multiplicative,na,customized,na,na,na,na,na,na,multiplicative,na,logistic,105.02,51.9
0,US,Bing Ads,Generic,183,0.1,10.0,1.0,additive,multiplicative,additive,na,na,na,na,na,na,na,na,na,linear,305.75,46.87
0,US,Bing Ads,Generic,183,0.1,10.0,1.0,additive,multiplicative,additive,na,na,na,na,na,na,na,additive,na,linear,305.75,46.87
0,US,Bing Ads,Generic,183,0.1,10.0,1.0,additive,multiplicative,additive,na,na,na,na,na,na,na,multiplicative,na,linear,305.75,46.87
0,US,Bing Ads,Generic,183,0.1,10.0,1.0,additive,multiplicative,additive,na,na,na,na,na,na,na,na,na,logistic,350.09,57.089999999999996
0,US,Bing Ads,Generic,183,0.1,10.0,1.0,additive,multiplicative,additive,na,na,na,na,na,na,na,additive,na,logistic,350.09,57.089999999999996
0,US,Bing Ads,Generic,183,0.1,10.0,1.0,additive,multiplicative,additive,na,na,na,na,na,na,na,multiplicative,na,logistic,350.09,57.089999999999996
0,US,Bing Ads,Generic,183,0.1,10.0,1.0,additive,multiplicative,additive,default,na,na,na,na,na,na,na,na,linear,305.75,46.87
0,US,Bing Ads,Generic,183,0.1,10.0,1.0,additive,multiplicative,additive,default,na,na,na,na,na,na,additive,na,linear,305.75,46.87
0,US,Bing Ads,Generic,183,0.1,10.0,1.0,additive,multiplicative,additive,default,na,na,na,na,na,na,multiplicative,na,linear,305.75,46.87
0,US,Bing Ads,Generic,183,0.1,10.0,1.0,additive,multiplicative,additive,default,na,na,na,na,na,na,na,na,logistic,350.09,57.089999999999996
0,US,Bing Ads,Generic,183,0.1,10.0,1.0,additive,multiplicative,additive,default,na,na,na,na,na,na,additive,na,logistic,350.09,57.089999999999996
0,US,Bing Ads,Generic,183,0.1,10.0,1.0,additive,multiplicative,additive,default,na,na,na,na,na,na,multiplicative,na,logistic,350.09,57.089999999999996
0,US,Bing Ads,Generic,183,0.1,10.0,1.0,additive,multiplicative,additive,customized,na,na,na,na,na,na,na,na,linear,305.75,46.87
0,US,Bing Ads,Generic,183,0.1,10.0,1.0,additive,multiplicative,additive,customized,na,na,na,na,na,na,additive,na,linear,305.75,46.87
0,US,Bing Ads,Generic,183,0.1,10.0,1.0,additive,multiplicative,additive,customized,na,na,na,na,na,na,multiplicative,na,linear,305.75,46.87
0,US,Bing Ads,Generic,183,0.1,10.0,1.0,additive,multiplicative,additive,customized,na,na,na,na,na,na,na,na,logistic,350.09,57.089999999999996
0,US,Bing Ads,Generic,183,0.1,10.0,1.0,additive,multiplicative,additive,customized,na,na,na,na,na,na,additive,na,logistic,350.09,57.089999999999996
0,US,Bing Ads,Generic,183,0.1,10.0,1.0,additive,multiplicative,additive,customized,na,na,na,na,na,na,multiplicative,na,logistic,350.09,57.089999999999996
0,US,Bing Ads,Generic,183,0.1,10.0,1.0,additive,multiplicative,multiplicative,na,na,na,na,na,na,na,na,na,linear,197.05,4.18
0,US,Bing Ads,Generic,183,0.1,10.0,1.0,additive,multiplicative,multiplicative,na,na,na,na,na,na,na,additive,na,linear,197.05,4.18
0,US,Bing Ads,Generic,183,0.1,10.0,1.0,additive,multiplicative,multiplicative,na,na,na,na,na,na,na,multiplicative,na,linear,197.05,4.18
0,US,Bing Ads,Generic,183,0.1,10.0,1.0,additive,multiplicative,multiplicative,na,na,na,na,na,na,na,na,na,logistic,105.04,51.870000000000005
0,US,Bing Ads,Generic,183,0.1,10.0,1.0,additive,multiplicative,multiplicative,na,na,na,na,na,na,na,additive,na,logistic,105.04,51.870000000000005
0,US,Bing Ads,Generic,183,0.1,10.0,1.0,additive,multiplicative,multiplicative,na,na,na,na,na,na,na,multiplicative,na,logistic,105.04,51.870000000000005
0,US,Bing Ads,Generic,183,0.1,10.0,1.0,additive,multiplicative,multiplicative,default,na,na,na,na,na,na,na,na,linear,197.05,4.18
0,US,Bing Ads,Generic,183,0.1,10.0,1.0,additive,multiplicative,multiplicative,default,na,na,na,na,na,na,additive,na,linear,197.05,4.18
0,US,Bing Ads,Generic,183,0.1,10.0,1.0,additive,multiplicative,multiplicative,default,na,na,na,na,na,na,na,na,logistic,105.04,51.870000000000005
0,US,Bing Ads,Generic,183,0.1,10.0,1.0,additive,multiplicative,multiplicative,default,na,na,na,na,na,na,multiplicative,na,linear,197.05,4.18
0,US,Bing Ads,Generic,183,0.1,10.0,1.0,additive,multiplicative,multiplicative,default,na,na,na,na,na,na,additive,na,logistic,105.04,51.870000000000005
0,US,Bing Ads,Generic,183,0.1,10.0,1.0,additive,multiplicative,multiplicative,default,na,na,na,na,na,na,multiplicative,na,logistic,105.04,51.870000000000005
0,US,Bing Ads,Generic,183,0.1,10.0,1.0,additive,multiplicative,multiplicative,customized,na,na,na,na,na,na,na,na,linear,197.05,4.18
0,US,Bing Ads,Generic,183,0.1,10.0,1.0,additive,multiplicative,multiplicative,customized,na,na,na,na,na,na,additive,na,linear,197.05,4.18
0,US,Bing Ads,Generic,183,0.1,10.0,1.0,additive,multiplicative,multiplicative,customized,na,na,na,na,na,na,multiplicative,na,linear,197.05,4.18
0,US,Bing Ads,Generic,183,0.1,10.0,1.0,additive,multiplicative,multiplicative,customized,na,na,na,na,na,na,na,na,logistic,105.04,51.870000000000005
0,US,Bing Ads,Generic,183,0.1,10.0,1.0,additive,multiplicative,multiplicative,customized,na,na,na,na,na,na,additive,na,logistic,105.04,51.870000000000005
0,US,Bing Ads,Generic,183,0.1,10.0,1.0,additive,multiplicative,multiplicative,customized,na,na,na,na,na,na,multiplicative,na,logistic,105.04,51.870000000000005
0,US,Bing Ads,Generic,183,0.1,10.0,1.0,multiplicative,additive,na,na,na,na,na,na,na,na,na,na,linear,93.71,34.53
0,US,Bing Ads,Generic,183,0.1,10.0,1.0,multiplicative,additive,na,na,na,na,na,na,na,na,additive,na,linear,93.71,34.53
0,US,Bing Ads,Generic,183,0.1,10.0,1.0,multiplicative,additive,na,na,na,na,na,na,na,na,multiplicative,na,linear,93.71,34.53
0,US,Bing Ads,Generic,183,0.1,10.0,1.0,multiplicative,additive,na,na,na,na,na,na,na,na,na,na,logistic,99.85,99.57000000000001
0,US,Bing Ads,Generic,183,0.1,10.0,1.0,multiplicative,additive,na,na,na,na,na,na,na,na,additive,na,logistic,99.85,99.57000000000001
0,US,Bing Ads,Generic,183,0.1,10.0,1.0,multiplicative,additive,na,na,na,na,na,na,na,na,multiplicative,na,logistic,99.85,99.57000000000001
0,US,Bing Ads,Generic,183,0.1,10.0,1.0,multiplicative,additive,na,default,na,na,na,na,na,na,na,na,linear,93.71,34.53
0,US,Bing Ads,Generic,183,0.1,10.0,1.0,multiplicative,additive,na,default,na,na,na,na,na,na,additive,na,linear,93.71,34.53
0,US,Bing Ads,Generic,183,0.1,10.0,1.0,multiplicative,additive,na,default,na,na,na,na,na,na,multiplicative,na,linear,93.71,34.53
0,US,Bing Ads,Generic,183,0.1,10.0,1.0,multiplicative,additive,na,default,na,na,na,na,na,na,na,na,logistic,99.85,99.57000000000001
0,US,Bing Ads,Generic,183,0.1,10.0,1.0,multiplicative,additive,na,default,na,na,na,na,na,na,additive,na,logistic,99.85,99.57000000000001
0,US,Bing Ads,Generic,183,0.1,10.0,1.0,multiplicative,additive,na,default,na,na,na,na,na,na,multiplicative,na,logistic,99.85,99.57000000000001
0,US,Bing Ads,Generic,183,0.1,10.0,1.0,multiplicative,additive,na,customized,na,na,na,na,na,na,additive,na,linear,93.71,34.53
0,US,Bing Ads,Generic,183,0.1,10.0,1.0,multiplicative,additive,na,customized,na,na,na,na,na,na,na,na,linear,93.71,34.53
0,US,Bing Ads,Generic,183,0.1,10.0,1.0,multiplicative,additive,na,customized,na,na,na,na,na,na,multiplicative,na,linear,93.71,34.53
0,US,Bing Ads,Generic,183,0.1,10.0,1.0,multiplicative,additive,na,customized,na,na,na,na,na,na,na,na,logistic,99.85,99.57000000000001
0,US,Bing Ads,Generic,183,0.1,10.0,1.0,multiplicative,additive,na,customized,na,na,na,na,na,na,additive,na,logistic,99.85,99.57000000000001
0,US,Bing Ads,Generic,183,0.1,10.0,1.0,multiplicative,additive,na,customized,na,na,na,na,na,na,multiplicative,na,logistic,99.85,99.57000000000001
0,US,Bing Ads,Generic,183,0.1,10.0,1.0,multiplicative,additive,additive,na,na,na,na,na,na,na,na,na,linear,102.78,31.669999999999998
0,US,Bing Ads,Generic,183,0.1,10.0,1.0,multiplicative,additive,additive,na,na,na,na,na,na,na,additive,na,linear,102.78,31.669999999999998
0,US,Bing Ads,Generic,183,0.1,10.0,1.0,multiplicative,additive,additive,na,na,na,na,na,na,na,multiplicative,na,linear,102.78,31.669999999999998
0,US,Bing Ads,Generic,183,0.1,10.0,1.0,multiplicative,additive,additive,na,na,na,na,na,na,na,na,na,logistic,88.38,95.73
0,US,Bing Ads,Generic,183,0.1,10.0,1.0,multiplicative,additive,additive,na,na,na,na,na,na,na,additive,na,logistic,88.38,95.73
0,US,Bing Ads,Generic,183,0.1,10.0,1.0,multiplicative,additive,additive,na,na,na,na,na,na,na,multiplicative,na,logistic,88.38,95.73
0,US,Bing Ads,Generic,183,0.1,10.0,1.0,multiplicative,additive,additive,default,na,na,na,na,na,na,na,na,linear,102.78,31.669999999999998
0,US,Bing Ads,Generic,183,0.1,10.0,1.0,multiplicative,additive,additive,default,na,na,na,na,na,na,additive,na,linear,102.78,31.669999999999998
0,US,Bing Ads,Generic,183,0.1,10.0,1.0,multiplicative,additive,additive,default,na,na,na,na,na,na,multiplicative,na,linear,102.78,31.669999999999998
0,US,Bing Ads,Generic,183,0.1,10.0,1.0,multiplicative,additive,additive,default,na,na,na,na,na,na,na,na,logistic,88.38,95.73
0,US,Bing Ads,Generic,183,0.1,10.0,1.0,multiplicative,additive,additive,default,na,na,na,na,na,na,additive,na,logistic,88.38,95.73
0,US,Bing Ads,Generic,183,0.1,10.0,1.0,multiplicative,additive,additive,default,na,na,na,na,na,na,multiplicative,na,logistic,88.38,95.73
0,US,Bing Ads,Generic,183,0.1,10.0,1.0,multiplicative,additive,additive,customized,na,na,na,na,na,na,na,na,linear,102.78,31.669999999999998
0,US,Bing Ads,Generic,183,0.1,10.0,1.0,multiplicative,additive,additive,customized,na,na,na,na,na,na,additive,na,linear,102.78,31.669999999999998
0,US,Bing Ads,Generic,183,0.1,10.0,1.0,multiplicative,additive,additive,customized,na,na,na,na,na,na,multiplicative,na,linear,102.78,31.669999999999998
0,US,Bing Ads,Generic,183,0.1,10.0,1.0,multiplicative,additive,additive,customized,na,na,na,na,na,na,additive,na,logistic,88.38,95.73
0,US,Bing Ads,Generic,183,0.1,10.0,1.0,multiplicative,additive,additive,customized,na,na,na,na,na,na,na,na,logistic,88.38,95.73
0,US,Bing Ads,Generic,183,0.1,10.0,1.0,multiplicative,additive,additive,customized,na,na,na,na,na,na,multiplicative,na,logistic,88.38,95.73
0,US,Bing Ads,Generic,183,0.1,10.0,1.0,multiplicative,additive,multiplicative,na,na,na,na,na,na,na,na,na,linear,69.47,59.03
0,US,Bing Ads,Generic,183,0.1,10.0,1.0,multiplicative,additive,multiplicative,na,na,na,na,na,na,na,na,na,logistic,99.85,99.57000000000001
0,US,Bing Ads,Generic,183,0.1,10.0,1.0,multiplicative,additive,multiplicative,na,na,na,na,na,na,na,additive,na,logistic,99.85,99.57000000000001
0,US,Bing Ads,Generic,183,0.1,10.0,1.0,multiplicative,additive,multiplicative,na,na,na,na,na,na,na,additive,na,linear,69.47,59.03
0,US,Bing Ads,Generic,183,0.1,10.0,1.0,multiplicative,additive,multiplicative,na,na,na,na,na,na,na,multiplicative,na,logistic,99.85,99.57000000000001
0,US,Bing Ads,Generic,183,0.1,10.0,1.0,multiplicative,additive,multiplicative,na,na,na,na,na,na,na,multiplicative,na,linear,69.47,59.03
0,US,Bing Ads,Generic,183,0.1,10.0,1.0,multiplicative,additive,multiplicative,default,na,na,na,na,na,na,na,na,linear,69.47,59.03
0,US,Bing Ads,Generic,183,0.1,10.0,1.0,multiplicative,additive,multiplicative,default,na,na,na,na,na,na,na,na,logistic,99.85,99.57000000000001
0,US,Bing Ads,Generic,183,0.1,10.0,1.0,multiplicative,additive,multiplicative,default,na,na,na,na,na,na,additive,na,linear,69.47,59.03
0,US,Bing Ads,Generic,183,0.1,10.0,1.0,multiplicative,additive,multiplicative,default,na,na,na,na,na,na,additive,na,logistic,99.85,99.57000000000001
0,US,Bing Ads,Generic,183,0.1,10.0,1.0,multiplicative,additive,multiplicative,default,na,na,na,na,na,na,multiplicative,na,linear,69.47,59.03
0,US,Bing Ads,Generic,183,0.1,10.0,1.0,multiplicative,additive,multiplicative,default,na,na,na,na,na,na,multiplicative,na,logistic,99.85,99.57000000000001
0,US,Bing Ads,Generic,183,0.1,10.0,1.0,multiplicative,additive,multiplicative,customized,na,na,na,na,na,na,na,na,linear,69.47,59.03
0,US,Bing Ads,Generic,183,0.1,10.0,1.0,multiplicative,additive,multiplicative,customized,na,na,na,na,na,na,na,na,logistic,99.85,99.57000000000001
0,US,Bing Ads,Generic,183,0.1,10.0,1.0,multiplicative,additive,multiplicative,customized,na,na,na,na,na,na,additive,na,linear,69.47,59.03
0,US,Bing Ads,Generic,183,0.1,10.0,1.0,multiplicative,additive,multiplicative,customized,na,na,na,na,na,na,additive,na,logistic,99.85,99.57000000000001
0,US,Bing Ads,Generic,183,0.1,10.0,1.0,multiplicative,additive,multiplicative,customized,na,na,na,na,na,na,multiplicative,na,linear,69.47,59.03
0,US,Bing Ads,Generic,183,0.1,10.0,1.0,multiplicative,additive,multiplicative,customized,na,na,na,na,na,na,multiplicative,na,logistic,99.85,99.57000000000001
0,US,Bing Ads,Generic,183,0.1,10.0,1.0,multiplicative,multiplicative,na,na,na,na,na,na,na,na,na,na,linear,107.21,31.269999999999996
0,US,Bing Ads,Generic,183,0.1,10.0,1.0,multiplicative,multiplicative,na,na,na,na,na,na,na,na,additive,na,linear,107.21,31.269999999999996
0,US,Bing Ads,Generic,183,0.1,10.0,1.0,multiplicative,multiplicative,na,na,na,na,na,na,na,na,multiplicative,na,linear,107.21,31.269999999999996
0,US,Bing Ads,Generic,183,0.1,10.0,1.0,multiplicative,multiplicative,na,na,na,na,na,na,na,na,na,na,logistic,100.0,100.0
0,US,Bing Ads,Generic,183,0.1,10.0,1.0,multiplicative,multiplicative,na,na,na,na,na,na,na,na,additive,na,logistic,100.0,100.0
0,US,Bing Ads,Generic,183,0.1,10.0,1.0,multiplicative,multiplicative,na,na,na,na,na,na,na,na,multiplicative,na,logistic,100.0,100.0
0,US,Bing Ads,Generic,183,0.1,10.0,1.0,multiplicative,multiplicative,na,default,na,na,na,na,na,na,na,na,linear,107.21,31.269999999999996
0,US,Bing Ads,Generic,183,0.1,10.0,1.0,multiplicative,multiplicative,na,default,na,na,na,na,na,na,additive,na,linear,107.21,31.269999999999996
0,US,Bing Ads,Generic,183,0.1,10.0,1.0,multiplicative,multiplicative,na,default,na,na,na,na,na,na,na,na,logistic,100.0,100.0
0,US,Bing Ads,Generic,183,0.1,10.0,1.0,multiplicative,multiplicative,na,default,na,na,na,na,na,na,multiplicative,na,linear,107.21,31.269999999999996
0,US,Bing Ads,Generic,183,0.1,10.0,1.0,multiplicative,multiplicative,na,default,na,na,na,na,na,na,additive,na,logistic,100.0,100.0
0,US,Bing Ads,Generic,183,0.1,10.0,1.0,multiplicative,multiplicative,na,default,na,na,na,na,na,na,multiplicative,na,logistic,100.0,100.0
0,US,Bing Ads,Generic,183,0.1,10.0,1.0,multiplicative,multiplicative,na,customized,na,na,na,na,na,na,na,na,linear,107.21,31.269999999999996
0,US,Bing Ads,Generic,183,0.1,10.0,1.0,multiplicative,multiplicative,na,customized,na,na,na,na,na,na,additive,na,linear,107.21,31.269999999999996
0,US,Bing Ads,Generic,183,0.1,10.0,1.0,multiplicative,multiplicative,na,customized,na,na,na,na,na,na,na,na,logistic,100.0,100.0
0,US,Bing Ads,Generic,183,0.1,10.0,1.0,multiplicative,multiplicative,na,customized,na,na,na,na,na,na,multiplicative,na,linear,107.21,31.269999999999996
0,US,Bing Ads,Generic,183,0.1,10.0,1.0,multiplicative,multiplicative,na,customized,na,na,na,na,na,na,additive,na,logistic,100.0,100.0
0,US,Bing Ads,Generic,183,0.1,10.0,1.0,multiplicative,multiplicative,na,customized,na,na,na,na,na,na,multiplicative,na,logistic,100.0,100.0
0,US,Bing Ads,Generic,183,0.1,10.0,1.0,multiplicative,multiplicative,additive,na,na,na,na,na,na,na,na,na,linear,129.22,22.689999999999998
0,US,Bing Ads,Generic,183,0.1,10.0,1.0,multiplicative,multiplicative,additive,na,na,na,na,na,na,na,additive,na,linear,129.22,22.689999999999998
0,US,Bing Ads,Generic,183,0.1,10.0,1.0,multiplicative,multiplicative,additive,na,na,na,na,na,na,na,multiplicative,na,linear,129.22,22.689999999999998
0,US,Bing Ads,Generic,183,0.1,10.0,1.0,multiplicative,multiplicative,additive,na,na,na,na,na,na,na,additive,na,logistic,84.19,94.85
0,US,Bing Ads,Generic,183,0.1,10.0,1.0,multiplicative,multiplicative,additive,na,na,na,na,na,na,na,na,na,logistic,84.19,94.85
0,US,Bing Ads,Generic,183,0.1,10.0,1.0,multiplicative,multiplicative,additive,na,na,na,na,na,na,na,multiplicative,na,logistic,84.19,94.85
0,US,Bing Ads,Generic,183,0.1,10.0,1.0,multiplicative,multiplicative,additive,default,na,na,na,na,na,na,na,na,linear,129.22,22.689999999999998
0,US,Bing Ads,Generic,183,0.1,10.0,1.0,multiplicative,multiplicative,additive,default,na,na,na,na,na,na,additive,na,linear,129.22,22.689999999999998
0,US,Bing Ads,Generic,183,0.1,10.0,1.0,multiplicative,multiplicative,additive,default,na,na,na,na,na,na,multiplicative,na,linear,129.22,22.689999999999998
0,US,Bing Ads,Generic,183,0.1,10.0,1.0,multiplicative,multiplicative,additive,default,na,na,na,na,na,na,na,na,logistic,84.19,94.85
0,US,Bing Ads,Generic,183,0.1,10.0,1.0,multiplicative,multiplicative,additive,default,na,na,na,na,na,na,additive,na,logistic,84.19,94.85
0,US,Bing Ads,Generic,183,0.1,10.0,1.0,multiplicative,multiplicative,additive,default,na,na,na,na,na,na,multiplicative,na,logistic,84.19,94.85
0,US,Bing Ads,Generic,183,0.1,10.0,1.0,multiplicative,multiplicative,additive,customized,na,na,na,na,na,na,na,na,linear,129.22,22.689999999999998
0,US,Bing Ads,Generic,183,0.1,10.0,1.0,multiplicative,multiplicative,additive,customized,na,na,na,na,na,na,additive,na,linear,129.22,22.689999999999998
0,US,Bing Ads,Generic,183,0.1,10.0,1.0,multiplicative,multiplicative,additive,customized,na,na,na,na,na,na,multiplicative,na,linear,129.22,22.689999999999998
0,US,Bing Ads,Generic,183,0.1,10.0,1.0,multiplicative,multiplicative,additive,customized,na,na,na,na,na,na,na,na,logistic,84.19,94.85
0,US,Bing Ads,Generic,183,0.1,10.0,1.0,multiplicative,multiplicative,additive,customized,na,na,na,na,na,na,additive,na,logistic,84.19,94.85
0,US,Bing Ads,Generic,183,0.1,10.0,1.0,multiplicative,multiplicative,additive,customized,na,na,na,na,na,na,multiplicative,na,logistic,84.19,94.85
0,US,Bing Ads,Generic,183,0.1,10.0,1.0,multiplicative,multiplicative,multiplicative,na,na,na,na,na,na,na,na,na,linear,65.79,55.38999999999999
0,US,Bing Ads,Generic,183,0.1,10.0,1.0,multiplicative,multiplicative,multiplicative,na,na,na,na,na,na,na,additive,na,linear,65.79,55.38999999999999
0,US,Bing Ads,Generic,183,0.1,10.0,1.0,multiplicative,multiplicative,multiplicative,na,na,na,na,na,na,na,na,na,logistic,100.0,100.0
0,US,Bing Ads,Generic,183,0.1,10.0,1.0,multiplicative,multiplicative,multiplicative,na,na,na,na,na,na,na,additive,na,logistic,100.0,100.0
0,US,Bing Ads,Generic,183,0.1,10.0,1.0,multiplicative,multiplicative,multiplicative,na,na,na,na,na,na,na,multiplicative,na,linear,65.79,55.38999999999999
0,US,Bing Ads,Generic,183,0.1,10.0,1.0,multiplicative,multiplicative,multiplicative,na,na,na,na,na,na,na,multiplicative,na,logistic,100.0,100.0
0,US,Bing Ads,Generic,183,0.1,10.0,1.0,multiplicative,multiplicative,multiplicative,default,na,na,na,na,na,na,na,na,linear,65.79,55.38999999999999
0,US,Bing Ads,Generic,183,0.1,10.0,1.0,multiplicative,multiplicative,multiplicative,default,na,na,na,na,na,na,additive,na,linear,65.79,55.38999999999999
0,US,Bing Ads,Generic,183,0.1,10.0,1.0,multiplicative,multiplicative,multiplicative,default,na,na,na,na,na,na,na,na,logistic,100.0,100.0
0,US,Bing Ads,Generic,183,0.1,10.0,1.0,multiplicative,multiplicative,multiplicative,default,na,na,na,na,na,na,additive,na,logistic,100.0,100.0
0,US,Bing Ads,Generic,183,0.1,10.0,1.0,multiplicative,multiplicative,multiplicative,default,na,na,na,na,na,na,multiplicative,na,linear,65.79,55.38999999999999
0,US,Bing Ads,Generic,183,0.1,10.0,1.0,multiplicative,multiplicative,multiplicative,default,na,na,na,na,na,na,multiplicative,na,logistic,100.0,100.0
0,US,Bing Ads,Generic,183,0.1,10.0,1.0,multiplicative,multiplicative,multiplicative,customized,na,na,na,na,na,na,na,na,linear,65.79,55.38999999999999
0,US,Bing Ads,Generic,183,0.1,10.0,1.0,multiplicative,multiplicative,multiplicative,customized,na,na,na,na,na,na,additive,na,linear,65.79,55.38999999999999
0,US,Bing Ads,Generic,183,0.1,10.0,1.0,multiplicative,multiplicative,multiplicative,customized,na,na,na,na,na,na,na,na,logistic,100.0,100.0
0,US,Bing Ads,Generic,183,0.1,10.0,1.0,multiplicative,multiplicative,multiplicative,customized,na,na,na,na,na,na,multiplicative,na,linear,65.79,55.38999999999999
0,US,Bing Ads,Generic,183,0.1,10.0,1.0,multiplicative,multiplicative,multiplicative,customized,na,na,na,na,na,na,additive,na,logistic,100.0,100.0
0,US,Bing Ads,Generic,183,0.1,10.0,1.0,multiplicative,multiplicative,multiplicative,customized,na,na,na,na,na,na,multiplicative,na,logistic,100.0,100.0
0,US,Bing Ads,Generic,183,0.1,10.0,0.1,additive,additive,na,na,na,na,na,na,na,na,na,na,linear,213.18,13.71
0,US,Bing Ads,Generic,183,0.1,10.0,0.1,additive,additive,na,na,na,na,na,na,na,na,additive,na,linear,213.18,13.71
0,US,Bing Ads,Generic,183,0.1,10.0,0.1,additive,additive,na,na,na,na,na,na,na,na,multiplicative,na,linear,213.18,13.71
0,US,Bing Ads,Generic,183,0.1,10.0,0.1,additive,additive,na,na,na,na,na,na,na,na,na,na,logistic,115.22,44.67
0,US,Bing Ads,Generic,183,0.1,10.0,0.1,additive,additive,na,na,na,na,na,na,na,na,additive,na,logistic,115.22,44.67
0,US,Bing Ads,Generic,183,0.1,10.0,0.1,additive,additive,na,na,na,na,na,na,na,na,multiplicative,na,logistic,115.22,44.67
0,US,Bing Ads,Generic,183,0.1,10.0,0.1,additive,additive,na,default,na,na,na,na,na,na,na,na,linear,213.18,13.71
0,US,Bing Ads,Generic,183,0.1,10.0,0.1,additive,additive,na,default,na,na,na,na,na,na,additive,na,linear,213.18,13.71
0,US,Bing Ads,Generic,183,0.1,10.0,0.1,additive,additive,na,default,na,na,na,na,na,na,multiplicative,na,linear,213.18,13.71
0,US,Bing Ads,Generic,183,0.1,10.0,0.1,additive,additive,na,default,na,na,na,na,na,na,na,na,logistic,115.22,44.67
0,US,Bing Ads,Generic,183,0.1,10.0,0.1,additive,additive,na,default,na,na,na,na,na,na,additive,na,logistic,115.22,44.67
0,US,Bing Ads,Generic,183,0.1,10.0,0.1,additive,additive,na,default,na,na,na,na,na,na,multiplicative,na,logistic,115.22,44.67
0,US,Bing Ads,Generic,183,0.1,10.0,0.1,additive,additive,na,customized,na,na,na,na,na,na,na,na,linear,213.18,13.71
0,US,Bing Ads,Generic,183,0.1,10.0,0.1,additive,additive,na,customized,na,na,na,na,na,na,additive,na,linear,213.18,13.71
0,US,Bing Ads,Generic,183,0.1,10.0,0.1,additive,additive,na,customized,na,na,na,na,na,na,multiplicative,na,linear,213.18,13.71
0,US,Bing Ads,Generic,183,0.1,10.0,0.1,additive,additive,na,customized,na,na,na,na,na,na,na,na,logistic,115.22,44.67
0,US,Bing Ads,Generic,183,0.1,10.0,0.1,additive,additive,na,customized,na,na,na,na,na,na,additive,na,logistic,115.22,44.67
0,US,Bing Ads,Generic,183,0.1,10.0,0.1,additive,additive,na,customized,na,na,na,na,na,na,multiplicative,na,logistic,115.22,44.67
0,US,Bing Ads,Generic,183,0.1,10.0,0.1,additive,additive,additive,na,na,na,na,na,na,na,na,na,linear,215.15,14.56
0,US,Bing Ads,Generic,183,0.1,10.0,0.1,additive,additive,additive,na,na,na,na,na,na,na,additive,na,linear,215.15,14.56
0,US,Bing Ads,Generic,183,0.1,10.0,0.1,additive,additive,additive,na,na,na,na,na,na,na,multiplicative,na,linear,215.15,14.56
0,US,Bing Ads,Generic,183,0.1,10.0,0.1,additive,additive,additive,na,na,na,na,na,na,na,na,na,logistic,367.73,66.72
0,US,Bing Ads,Generic,183,0.1,10.0,0.1,additive,additive,additive,na,na,na,na,na,na,na,additive,na,logistic,367.73,66.72
0,US,Bing Ads,Generic,183,0.1,10.0,0.1,additive,additive,additive,na,na,na,na,na,na,na,multiplicative,na,logistic,367.73,66.72
0,US,Bing Ads,Generic,183,0.1,10.0,0.1,additive,additive,additive,default,na,na,na,na,na,na,na,na,linear,215.15,14.56
0,US,Bing Ads,Generic,183,0.1,10.0,0.1,additive,additive,additive,default,na,na,na,na,na,na,additive,na,linear,215.15,14.56
0,US,Bing Ads,Generic,183,0.1,10.0,0.1,additive,additive,additive,default,na,na,na,na,na,na,multiplicative,na,linear,215.15,14.56
0,US,Bing Ads,Generic,183,0.1,10.0,0.1,additive,additive,additive,default,na,na,na,na,na,na,na,na,logistic,367.73,66.72
0,US,Bing Ads,Generic,183,0.1,10.0,0.1,additive,additive,additive,default,na,na,na,na,na,na,additive,na,logistic,367.73,66.72
0,US,Bing Ads,Generic,183,0.1,10.0,0.1,additive,additive,additive,default,na,na,na,na,na,na,multiplicative,na,logistic,367.73,66.72
0,US,Bing Ads,Generic,183,0.1,10.0,0.1,additive,additive,additive,customized,na,na,na,na,na,na,na,na,linear,215.15,14.56
0,US,Bing Ads,Generic,183,0.1,10.0,0.1,additive,additive,additive,customized,na,na,na,na,na,na,additive,na,linear,215.15,14.56
0,US,Bing Ads,Generic,183,0.1,10.0,0.1,additive,additive,additive,customized,na,na,na,na,na,na,na,na,logistic,367.73,66.72
0,US,Bing Ads,Generic,183,0.1,10.0,0.1,additive,additive,additive,customized,na,na,na,na,na,na,multiplicative,na,linear,215.15,14.56
0,US,Bing Ads,Generic,183,0.1,10.0,0.1,additive,additive,additive,customized,na,na,na,na,na,na,additive,na,logistic,367.73,66.72
0,US,Bing Ads,Generic,183,0.1,10.0,0.1,additive,additive,additive,customized,na,na,na,na,na,na,multiplicative,na,logistic,367.73,66.72
0,US,Bing Ads,Generic,183,0.1,10.0,0.1,additive,additive,multiplicative,na,na,na,na,na,na,na,na,na,linear,176.08,2.18
0,US,Bing Ads,Generic,183,0.1,10.0,0.1,additive,additive,multiplicative,na,na,na,na,na,na,na,additive,na,linear,176.08,2.18
0,US,Bing Ads,Generic,183,0.1,10.0,0.1,additive,additive,multiplicative,na,na,na,na,na,na,na,multiplicative,na,linear,176.08,2.18
0,US,Bing Ads,Generic,183,0.1,10.0,0.1,additive,additive,multiplicative,na,na,na,na,na,na,na,na,na,logistic,115.22,44.68
0,US,Bing Ads,Generic,183,0.1,10.0,0.1,additive,additive,multiplicative,na,na,na,na,na,na,na,additive,na,logistic,115.22,44.68
0,US,Bing Ads,Generic,183,0.1,10.0,0.1,additive,additive,multiplicative,na,na,na,na,na,na,na,multiplicative,na,logistic,115.22,44.68
0,US,Bing Ads,Generic,183,0.1,10.0,0.1,additive,additive,multiplicative,default,na,na,na,na,na,na,na,na,linear,176.08,2.18
0,US,Bing Ads,Generic,183,0.1,10.0,0.1,additive,additive,multiplicative,default,na,na,na,na,na,na,additive,na,linear,176.08,2.18
0,US,Bing Ads,Generic,183,0.1,10.0,0.1,additive,additive,multiplicative,default,na,na,na,na,na,na,multiplicative,na,linear,176.08,2.18
0,US,Bing Ads,Generic,183,0.1,10.0,0.1,additive,additive,multiplicative,default,na,na,na,na,na,na,na,na,logistic,115.22,44.68
0,US,Bing Ads,Generic,183,0.1,10.0,0.1,additive,additive,multiplicative,default,na,na,na,na,na,na,additive,na,logistic,115.22,44.68
0,US,Bing Ads,Generic,183,0.1,10.0,0.1,additive,additive,multiplicative,default,na,na,na,na,na,na,multiplicative,na,logistic,115.22,44.68
0,US,Bing Ads,Generic,183,0.1,10.0,0.1,additive,additive,multiplicative,customized,na,na,na,na,na,na,na,na,linear,176.08,2.18
0,US,Bing Ads,Generic,183,0.1,10.0,0.1,additive,additive,multiplicative,customized,na,na,na,na,na,na,additive,na,linear,176.08,2.18
0,US,Bing Ads,Generic,183,0.1,10.0,0.1,additive,additive,multiplicative,customized,na,na,na,na,na,na,multiplicative,na,linear,176.08,2.18
0,US,Bing Ads,Generic,183,0.1,10.0,0.1,additive,additive,multiplicative,customized,na,na,na,na,na,na,na,na,logistic,115.22,44.68
0,US,Bing Ads,Generic,183,0.1,10.0,0.1,additive,additive,multiplicative,customized,na,na,na,na,na,na,additive,na,logistic,115.22,44.68
0,US,Bing Ads,Generic,183,0.1,10.0,0.1,additive,additive,multiplicative,customized,na,na,na,na,na,na,multiplicative,na,logistic,115.22,44.68
0,US,Bing Ads,Generic,183,0.1,10.0,0.1,additive,multiplicative,na,na,na,na,na,na,na,na,additive,na,linear,231.17,19.759999999999998
0,US,Bing Ads,Generic,183,0.1,10.0,0.1,additive,multiplicative,na,na,na,na,na,na,na,na,na,na,linear,231.17,19.759999999999998
0,US,Bing Ads,Generic,183,0.1,10.0,0.1,additive,multiplicative,na,na,na,na,na,na,na,na,multiplicative,na,linear,231.17,19.759999999999998
0,US,Bing Ads,Generic,183,0.1,10.0,0.1,additive,multiplicative,na,na,na,na,na,na,na,na,na,na,logistic,109.09,50.39
0,US,Bing Ads,Generic,183,0.1,10.0,0.1,additive,multiplicative,na,na,na,na,na,na,na,na,additive,na,logistic,109.09,50.39
0,US,Bing Ads,Generic,183,0.1,10.0,0.1,additive,multiplicative,na,na,na,na,na,na,na,na,multiplicative,na,logistic,109.09,50.39
0,US,Bing Ads,Generic,183,0.1,10.0,0.1,additive,multiplicative,na,default,na,na,na,na,na,na,na,na,linear,231.17,19.759999999999998
0,US,Bing Ads,Generic,183,0.1,10.0,0.1,additive,multiplicative,na,default,na,na,na,na,na,na,additive,na,linear,231.17,19.759999999999998
0,US,Bing Ads,Generic,183,0.1,10.0,0.1,additive,multiplicative,na,default,na,na,na,na,na,na,multiplicative,na,linear,231.17,19.759999999999998
0,US,Bing Ads,Generic,183,0.1,10.0,0.1,additive,multiplicative,na,default,na,na,na,na,na,na,na,na,logistic,109.09,50.39
0,US,Bing Ads,Generic,183,0.1,10.0,0.1,additive,multiplicative,na,default,na,na,na,na,na,na,additive,na,logistic,109.09,50.39
0,US,Bing Ads,Generic,183,0.1,10.0,0.1,additive,multiplicative,na,default,na,na,na,na,na,na,multiplicative,na,logistic,109.09,50.39
0,US,Bing Ads,Generic,183,0.1,10.0,0.1,additive,multiplicative,na,customized,na,na,na,na,na,na,na,na,linear,231.17,19.759999999999998
0,US,Bing Ads,Generic,183,0.1,10.0,0.1,additive,multiplicative,na,customized,na,na,na,na,na,na,additive,na,linear,231.17,19.759999999999998
0,US,Bing Ads,Generic,183,0.1,10.0,0.1,additive,multiplicative,na,customized,na,na,na,na,na,na,multiplicative,na,linear,231.17,19.759999999999998
0,US,Bing Ads,Generic,183,0.1,10.0,0.1,additive,multiplicative,na,customized,na,na,na,na,na,na,na,na,logistic,109.09,50.39
0,US,Bing Ads,Generic,183,0.1,10.0,0.1,additive,multiplicative,na,customized,na,na,na,na,na,na,additive,na,logistic,109.09,50.39
0,US,Bing Ads,Generic,183,0.1,10.0,0.1,additive,multiplicative,na,customized,na,na,na,na,na,na,multiplicative,na,logistic,109.09,50.39
0,US,Bing Ads,Generic,183,0.1,10.0,0.1,additive,multiplicative,additive,na,na,na,na,na,na,na,na,na,linear,256.16,28.37
0,US,Bing Ads,Generic,183,0.1,10.0,0.1,additive,multiplicative,additive,na,na,na,na,na,na,na,additive,na,linear,256.16,28.37
0,US,Bing Ads,Generic,183,0.1,10.0,0.1,additive,multiplicative,additive,na,na,na,na,na,na,na,na,na,logistic,349.62,56.830000000000005
0,US,Bing Ads,Generic,183,0.1,10.0,0.1,additive,multiplicative,additive,na,na,na,na,na,na,na,additive,na,logistic,349.62,56.830000000000005
0,US,Bing Ads,Generic,183,0.1,10.0,0.1,additive,multiplicative,additive,na,na,na,na,na,na,na,multiplicative,na,linear,256.16,28.37
0,US,Bing Ads,Generic,183,0.1,10.0,0.1,additive,multiplicative,additive,na,na,na,na,na,na,na,multiplicative,na,logistic,349.62,56.830000000000005
0,US,Bing Ads,Generic,183,0.1,10.0,0.1,additive,multiplicative,additive,default,na,na,na,na,na,na,na,na,linear,256.16,28.37
0,US,Bing Ads,Generic,183,0.1,10.0,0.1,additive,multiplicative,additive,default,na,na,na,na,na,na,additive,na,linear,256.16,28.37
0,US,Bing Ads,Generic,183,0.1,10.0,0.1,additive,multiplicative,additive,default,na,na,na,na,na,na,na,na,logistic,349.62,56.830000000000005
0,US,Bing Ads,Generic,183,0.1,10.0,0.1,additive,multiplicative,additive,default,na,na,na,na,na,na,additive,na,logistic,349.62,56.830000000000005
0,US,Bing Ads,Generic,183,0.1,10.0,0.1,additive,multiplicative,additive,default,na,na,na,na,na,na,multiplicative,na,linear,256.16,28.37
0,US,Bing Ads,Generic,183,0.1,10.0,0.1,additive,multiplicative,additive,default,na,na,na,na,na,na,multiplicative,na,logistic,349.62,56.830000000000005
0,US,Bing Ads,Generic,183,0.1,10.0,0.1,additive,multiplicative,additive,customized,na,na,na,na,na,na,na,na,linear,256.16,28.37
0,US,Bing Ads,Generic,183,0.1,10.0,0.1,additive,multiplicative,additive,customized,na,na,na,na,na,na,additive,na,linear,256.16,28.37
0,US,Bing Ads,Generic,183,0.1,10.0,0.1,additive,multiplicative,additive,customized,na,na,na,na,na,na,na,na,logistic,349.62,56.830000000000005
0,US,Bing Ads,Generic,183,0.1,10.0,0.1,additive,multiplicative,additive,customized,na,na,na,na,na,na,additive,na,logistic,349.62,56.830000000000005
0,US,Bing Ads,Generic,183,0.1,10.0,0.1,additive,multiplicative,additive,customized,na,na,na,na,na,na,multiplicative,na,linear,256.16,28.37
0,US,Bing Ads,Generic,183,0.1,10.0,0.1,additive,multiplicative,additive,customized,na,na,na,na,na,na,multiplicative,na,logistic,349.62,56.830000000000005
0,US,Bing Ads,Generic,183,0.1,10.0,0.1,additive,multiplicative,multiplicative,na,na,na,na,na,na,na,na,na,linear,211.3,10.100000000000001
0,US,Bing Ads,Generic,183,0.1,10.0,0.1,additive,multiplicative,multiplicative,na,na,na,na,na,na,na,additive,na,linear,211.3,10.100000000000001
0,US,Bing Ads,Generic,183,0.1,10.0,0.1,additive,multiplicative,multiplicative,na,na,na,na,na,na,na,multiplicative,na,linear,211.3,10.100000000000001
0,US,Bing Ads,Generic,183,0.1,10.0,0.1,additive,multiplicative,multiplicative,na,na,na,na,na,na,na,na,na,logistic,105.3,51.78
0,US,Bing Ads,Generic,183,0.1,10.0,0.1,additive,multiplicative,multiplicative,na,na,na,na,na,na,na,additive,na,logistic,105.3,51.78
0,US,Bing Ads,Generic,183,0.1,10.0,0.1,additive,multiplicative,multiplicative,na,na,na,na,na,na,na,multiplicative,na,logistic,105.3,51.78
0,US,Bing Ads,Generic,183,0.1,10.0,0.1,additive,multiplicative,multiplicative,default,na,na,na,na,na,na,na,na,linear,211.3,10.100000000000001
0,US,Bing Ads,Generic,183,0.1,10.0,0.1,additive,multiplicative,multiplicative,default,na,na,na,na,na,na,additive,na,linear,211.3,10.100000000000001
0,US,Bing Ads,Generic,183,0.1,10.0,0.1,additive,multiplicative,multiplicative,default,na,na,na,na,na,na,multiplicative,na,linear,211.3,10.100000000000001
0,US,Bing Ads,Generic,183,0.1,10.0,0.1,additive,multiplicative,multiplicative,default,na,na,na,na,na,na,na,na,logistic,105.3,51.78
0,US,Bing Ads,Generic,183,0.1,10.0,0.1,additive,multiplicative,multiplicative,default,na,na,na,na,na,na,additive,na,logistic,105.3,51.78
0,US,Bing Ads,Generic,183,0.1,10.0,0.1,additive,multiplicative,multiplicative,default,na,na,na,na,na,na,multiplicative,na,logistic,105.3,51.78
0,US,Bing Ads,Generic,183,0.1,10.0,0.1,additive,multiplicative,multiplicative,customized,na,na,na,na,na,na,na,na,linear,211.3,10.100000000000001
0,US,Bing Ads,Generic,183,0.1,10.0,0.1,additive,multiplicative,multiplicative,customized,na,na,na,na,na,na,additive,na,linear,211.3,10.100000000000001
0,US,Bing Ads,Generic,183,0.1,10.0,0.1,additive,multiplicative,multiplicative,customized,na,na,na,na,na,na,multiplicative,na,linear,211.3,10.100000000000001
0,US,Bing Ads,Generic,183,0.1,10.0,0.1,additive,multiplicative,multiplicative,customized,na,na,na,na,na,na,na,na,logistic,105.3,51.78
0,US,Bing Ads,Generic,183,0.1,10.0,0.1,additive,multiplicative,multiplicative,customized,na,na,na,na,na,na,additive,na,logistic,105.3,51.78
0,US,Bing Ads,Generic,183,0.1,10.0,0.1,additive,multiplicative,multiplicative,customized,na,na,na,na,na,na,multiplicative,na,logistic,105.3,51.78
0,US,Bing Ads,Generic,183,0.1,10.0,0.1,multiplicative,additive,na,na,na,na,na,na,na,na,na,na,linear,93.26,35.05
0,US,Bing Ads,Generic,183,0.1,10.0,0.1,multiplicative,additive,na,na,na,na,na,na,na,na,additive,na,linear,93.26,35.05
0,US,Bing Ads,Generic,183,0.1,10.0,0.1,multiplicative,additive,na,na,na,na,na,na,na,na,multiplicative,na,linear,93.26,35.05
0,US,Bing Ads,Generic,183,0.1,10.0,0.1,multiplicative,additive,na,na,na,na,na,na,na,na,additive,na,logistic,99.85,99.57000000000001
0,US,Bing Ads,Generic,183,0.1,10.0,0.1,multiplicative,additive,na,na,na,na,na,na,na,na,na,na,logistic,99.85,99.57000000000001
0,US,Bing Ads,Generic,183,0.1,10.0,0.1,multiplicative,additive,na,na,na,na,na,na,na,na,multiplicative,na,logistic,99.85,99.57000000000001
0,US,Bing Ads,Generic,183,0.1,10.0,0.1,multiplicative,additive,na,default,na,na,na,na,na,na,na,na,linear,93.26,35.05
0,US,Bing Ads,Generic,183,0.1,10.0,0.1,multiplicative,additive,na,default,na,na,na,na,na,na,additive,na,linear,93.26,35.05
0,US,Bing Ads,Generic,183,0.1,10.0,0.1,multiplicative,additive,na,default,na,na,na,na,na,na,na,na,logistic,99.85,99.57000000000001
0,US,Bing Ads,Generic,183,0.1,10.0,0.1,multiplicative,additive,na,default,na,na,na,na,na,na,multiplicative,na,linear,93.26,35.05
0,US,Bing Ads,Generic,183,0.1,10.0,0.1,multiplicative,additive,na,default,na,na,na,na,na,na,additive,na,logistic,99.85,99.57000000000001
0,US,Bing Ads,Generic,183,0.1,10.0,0.1,multiplicative,additive,na,default,na,na,na,na,na,na,multiplicative,na,logistic,99.85,99.57000000000001
0,US,Bing Ads,Generic,183,0.1,10.0,0.1,multiplicative,additive,na,customized,na,na,na,na,na,na,na,na,linear,93.26,35.05
0,US,Bing Ads,Generic,183,0.1,10.0,0.1,multiplicative,additive,na,customized,na,na,na,na,na,na,additive,na,linear,93.26,35.05
0,US,Bing Ads,Generic,183,0.1,10.0,0.1,multiplicative,additive,na,customized,na,na,na,na,na,na,multiplicative,na,linear,93.26,35.05
0,US,Bing Ads,Generic,183,0.1,10.0,0.1,multiplicative,additive,na,customized,na,na,na,na,na,na,na,na,logistic,99.85,99.57000000000001
0,US,Bing Ads,Generic,183,0.1,10.0,0.1,multiplicative,additive,na,customized,na,na,na,na,na,na,additive,na,logistic,99.85,99.57000000000001
0,US,Bing Ads,Generic,183,0.1,10.0,0.1,multiplicative,additive,na,customized,na,na,na,na,na,na,multiplicative,na,logistic,99.85,99.57000000000001
0,US,Bing Ads,Generic,183,0.1,10.0,0.1,multiplicative,additive,additive,na,na,na,na,na,na,na,na,na,linear,108.74,29.299999999999997
0,US,Bing Ads,Generic,183,0.1,10.0,0.1,multiplicative,additive,additive,na,na,na,na,na,na,na,additive,na,linear,108.74,29.299999999999997
0,US,Bing Ads,Generic,183,0.1,10.0,0.1,multiplicative,additive,additive,na,na,na,na,na,na,na,multiplicative,na,linear,108.74,29.299999999999997
0,US,Bing Ads,Generic,183,0.1,10.0,0.1,multiplicative,additive,additive,na,na,na,na,na,na,na,na,na,logistic,88.3,95.71
0,US,Bing Ads,Generic,183,0.1,10.0,0.1,multiplicative,additive,additive,na,na,na,na,na,na,na,additive,na,logistic,88.3,95.71
0,US,Bing Ads,Generic,183,0.1,10.0,0.1,multiplicative,additive,additive,na,na,na,na,na,na,na,multiplicative,na,logistic,88.3,95.71
0,US,Bing Ads,Generic,183,0.1,10.0,0.1,multiplicative,additive,additive,default,na,na,na,na,na,na,na,na,linear,108.74,29.299999999999997
0,US,Bing Ads,Generic,183,0.1,10.0,0.1,multiplicative,additive,additive,default,na,na,na,na,na,na,additive,na,linear,108.74,29.299999999999997
0,US,Bing Ads,Generic,183,0.1,10.0,0.1,multiplicative,additive,additive,default,na,na,na,na,na,na,multiplicative,na,linear,108.74,29.299999999999997
0,US,Bing Ads,Generic,183,0.1,10.0,0.1,multiplicative,additive,additive,default,na,na,na,na,na,na,na,na,logistic,88.3,95.71
0,US,Bing Ads,Generic,183,0.1,10.0,0.1,multiplicative,additive,additive,default,na,na,na,na,na,na,additive,na,logistic,88.3,95.71
0,US,Bing Ads,Generic,183,0.1,10.0,0.1,multiplicative,additive,additive,default,na,na,na,na,na,na,multiplicative,na,logistic,88.3,95.71
0,US,Bing Ads,Generic,183,0.1,10.0,0.1,multiplicative,additive,additive,customized,na,na,na,na,na,na,na,na,linear,108.74,29.299999999999997
0,US,Bing Ads,Generic,183,0.1,10.0,0.1,multiplicative,additive,additive,customized,na,na,na,na,na,na,additive,na,linear,108.74,29.299999999999997
0,US,Bing Ads,Generic,183,0.1,10.0,0.1,multiplicative,additive,additive,customized,na,na,na,na,na,na,multiplicative,na,linear,108.74,29.299999999999997
0,US,Bing Ads,Generic,183,0.1,10.0,0.1,multiplicative,additive,additive,customized,na,na,na,na,na,na,na,na,logistic,88.3,95.71
0,US,Bing Ads,Generic,183,0.1,10.0,0.1,multiplicative,additive,additive,customized,na,na,na,na,na,na,additive,na,logistic,88.3,95.71
0,US,Bing Ads,Generic,183,0.1,10.0,0.1,multiplicative,additive,additive,customized,na,na,na,na,na,na,multiplicative,na,logistic,88.3,95.71
0,US,Bing Ads,Generic,183,0.1,10.0,0.1,multiplicative,additive,multiplicative,na,na,na,na,na,na,na,na,na,linear,79.11,40.67
0,US,Bing Ads,Generic,183,0.1,10.0,0.1,multiplicative,additive,multiplicative,na,na,na,na,na,na,na,additive,na,linear,79.11,40.67
0,US,Bing Ads,Generic,183,0.1,10.0,0.1,multiplicative,additive,multiplicative,na,na,na,na,na,na,na,na,na,logistic,99.85,99.57000000000001
0,US,Bing Ads,Generic,183,0.1,10.0,0.1,multiplicative,additive,multiplicative,na,na,na,na,na,na,na,multiplicative,na,linear,79.11,40.67
0,US,Bing Ads,Generic,183,0.1,10.0,0.1,multiplicative,additive,multiplicative,na,na,na,na,na,na,na,additive,na,logistic,99.85,99.57000000000001
0,US,Bing Ads,Generic,183,0.1,10.0,0.1,multiplicative,additive,multiplicative,na,na,na,na,na,na,na,multiplicative,na,logistic,99.85,99.57000000000001
0,US,Bing Ads,Generic,183,0.1,10.0,0.1,multiplicative,additive,multiplicative,default,na,na,na,na,na,na,na,na,linear,79.11,40.67
0,US,Bing Ads,Generic,183,0.1,10.0,0.1,multiplicative,additive,multiplicative,default,na,na,na,na,na,na,additive,na,linear,79.11,40.67
0,US,Bing Ads,Generic,183,0.1,10.0,0.1,multiplicative,additive,multiplicative,default,na,na,na,na,na,na,na,na,logistic,99.85,99.57000000000001
0,US,Bing Ads,Generic,183,0.1,10.0,0.1,multiplicative,additive,multiplicative,default,na,na,na,na,na,na,multiplicative,na,linear,79.11,40.67
0,US,Bing Ads,Generic,183,0.1,10.0,0.1,multiplicative,additive,multiplicative,default,na,na,na,na,na,na,additive,na,logistic,99.85,99.57000000000001
0,US,Bing Ads,Generic,183,0.1,10.0,0.1,multiplicative,additive,multiplicative,default,na,na,na,na,na,na,multiplicative,na,logistic,99.85,99.57000000000001
0,US,Bing Ads,Generic,183,0.1,10.0,0.1,multiplicative,additive,multiplicative,customized,na,na,na,na,na,na,na,na,linear,79.11,40.67
0,US,Bing Ads,Generic,183,0.1,10.0,0.1,multiplicative,additive,multiplicative,customized,na,na,na,na,na,na,additive,na,linear,79.11,40.67
0,US,Bing Ads,Generic,183,0.1,10.0,0.1,multiplicative,additive,multiplicative,customized,na,na,na,na,na,na,na,na,logistic,99.85,99.57000000000001
0,US,Bing Ads,Generic,183,0.1,10.0,0.1,multiplicative,additive,multiplicative,customized,na,na,na,na,na,na,multiplicative,na,linear,79.11,40.67
0,US,Bing Ads,Generic,183,0.1,10.0,0.1,multiplicative,additive,multiplicative,customized,na,na,na,na,na,na,additive,na,logistic,99.85,99.57000000000001
0,US,Bing Ads,Generic,183,0.1,10.0,0.1,multiplicative,additive,multiplicative,customized,na,na,na,na,na,na,multiplicative,na,logistic,99.85,99.57000000000001
0,US,Bing Ads,Generic,183,0.1,10.0,0.1,multiplicative,multiplicative,na,na,na,na,na,na,na,na,additive,na,linear,105.25,31.78
0,US,Bing Ads,Generic,183,0.1,10.0,0.1,multiplicative,multiplicative,na,na,na,na,na,na,na,na,na,na,linear,105.25,31.78
0,US,Bing Ads,Generic,183,0.1,10.0,0.1,multiplicative,multiplicative,na,na,na,na,na,na,na,na,na,na,logistic,100.0,100.0
0,US,Bing Ads,Generic,183,0.1,10.0,0.1,multiplicative,multiplicative,na,na,na,na,na,na,na,na,additive,na,logistic,100.0,100.0
0,US,Bing Ads,Generic,183,0.1,10.0,0.1,multiplicative,multiplicative,na,na,na,na,na,na,na,na,multiplicative,na,linear,105.25,31.78
0,US,Bing Ads,Generic,183,0.1,10.0,0.1,multiplicative,multiplicative,na,na,na,na,na,na,na,na,multiplicative,na,logistic,100.0,100.0
0,US,Bing Ads,Generic,183,0.1,10.0,0.1,multiplicative,multiplicative,na,default,na,na,na,na,na,na,na,na,linear,105.25,31.78
0,US,Bing Ads,Generic,183,0.1,10.0,0.1,multiplicative,multiplicative,na,default,na,na,na,na,na,na,additive,na,linear,105.25,31.78
0,US,Bing Ads,Generic,183,0.1,10.0,0.1,multiplicative,multiplicative,na,default,na,na,na,na,na,na,multiplicative,na,linear,105.25,31.78
0,US,Bing Ads,Generic,183,0.1,10.0,0.1,multiplicative,multiplicative,na,default,na,na,na,na,na,na,na,na,logistic,100.0,100.0
0,US,Bing Ads,Generic,183,0.1,10.0,0.1,multiplicative,multiplicative,na,default,na,na,na,na,na,na,additive,na,logistic,100.0,100.0
0,US,Bing Ads,Generic,183,0.1,10.0,0.1,multiplicative,multiplicative,na,default,na,na,na,na,na,na,multiplicative,na,logistic,100.0,100.0
0,US,Bing Ads,Generic,183,0.1,10.0,0.1,multiplicative,multiplicative,na,customized,na,na,na,na,na,na,na,na,linear,105.25,31.78
0,US,Bing Ads,Generic,183,0.1,10.0,0.1,multiplicative,multiplicative,na,customized,na,na,na,na,na,na,additive,na,linear,105.25,31.78
0,US,Bing Ads,Generic,183,0.1,10.0,0.1,multiplicative,multiplicative,na,customized,na,na,na,na,na,na,na,na,logistic,100.0,100.0
0,US,Bing Ads,Generic,183,0.1,10.0,0.1,multiplicative,multiplicative,na,customized,na,na,na,na,na,na,multiplicative,na,linear,105.25,31.78
0,US,Bing Ads,Generic,183,0.1,10.0,0.1,multiplicative,multiplicative,na,customized,na,na,na,na,na,na,additive,na,logistic,100.0,100.0
0,US,Bing Ads,Generic,183,0.1,10.0,0.1,multiplicative,multiplicative,na,customized,na,na,na,na,na,na,multiplicative,na,logistic,100.0,100.0
0,US,Bing Ads,Generic,183,0.1,10.0,0.1,multiplicative,multiplicative,additive,na,na,na,na,na,na,na,na,na,linear,121.71,25.27
0,US,Bing Ads,Generic,183,0.1,10.0,0.1,multiplicative,multiplicative,additive,na,na,na,na,na,na,na,additive,na,linear,121.71,25.27
0,US,Bing Ads,Generic,183,0.1,10.0,0.1,multiplicative,multiplicative,additive,na,na,na,na,na,na,na,multiplicative,na,linear,121.71,25.27
0,US,Bing Ads,Generic,183,0.1,10.0,0.1,multiplicative,multiplicative,additive,na,na,na,na,na,na,na,na,na,logistic,83.85,94.74000000000001
0,US,Bing Ads,Generic,183,0.1,10.0,0.1,multiplicative,multiplicative,additive,na,na,na,na,na,na,na,additive,na,logistic,83.85,94.74000000000001
0,US,Bing Ads,Generic,183,0.1,10.0,0.1,multiplicative,multiplicative,additive,na,na,na,na,na,na,na,multiplicative,na,logistic,83.85,94.74000000000001
0,US,Bing Ads,Generic,183,0.1,10.0,0.1,multiplicative,multiplicative,additive,default,na,na,na,na,na,na,na,na,linear,121.71,25.27
0,US,Bing Ads,Generic,183,0.1,10.0,0.1,multiplicative,multiplicative,additive,default,na,na,na,na,na,na,additive,na,linear,121.71,25.27
0,US,Bing Ads,Generic,183,0.1,10.0,0.1,multiplicative,multiplicative,additive,default,na,na,na,na,na,na,na,na,logistic,83.85,94.74000000000001
0,US,Bing Ads,Generic,183,0.1,10.0,0.1,multiplicative,multiplicative,additive,default,na,na,na,na,na,na,multiplicative,na,linear,121.71,25.27
0,US,Bing Ads,Generic,183,0.1,10.0,0.1,multiplicative,multiplicative,additive,default,na,na,na,na,na,na,additive,na,logistic,83.85,94.74000000000001
0,US,Bing Ads,Generic,183,0.1,10.0,0.1,multiplicative,multiplicative,additive,default,na,na,na,na,na,na,multiplicative,na,logistic,83.85,94.74000000000001
0,US,Bing Ads,Generic,183,0.1,10.0,0.1,multiplicative,multiplicative,additive,customized,na,na,na,na,na,na,na,na,linear,121.71,25.27
0,US,Bing Ads,Generic,183,0.1,10.0,0.1,multiplicative,multiplicative,additive,customized,na,na,na,na,na,na,additive,na,linear,121.71,25.27
0,US,Bing Ads,Generic,183,0.1,10.0,0.1,multiplicative,multiplicative,additive,customized,na,na,na,na,na,na,na,na,logistic,83.85,94.74000000000001
0,US,Bing Ads,Generic,183,0.1,10.0,0.1,multiplicative,multiplicative,additive,customized,na,na,na,na,na,na,multiplicative,na,linear,121.71,25.27
0,US,Bing Ads,Generic,183,0.1,10.0,0.1,multiplicative,multiplicative,additive,customized,na,na,na,na,na,na,additive,na,logistic,83.85,94.74000000000001
0,US,Bing Ads,Generic,183,0.1,10.0,0.1,multiplicative,multiplicative,additive,customized,na,na,na,na,na,na,multiplicative,na,logistic,83.85,94.74000000000001
0,US,Bing Ads,Generic,183,0.1,10.0,0.1,multiplicative,multiplicative,multiplicative,na,na,na,na,na,na,na,na,na,linear,106.77,31.35
0,US,Bing Ads,Generic,183,0.1,10.0,0.1,multiplicative,multiplicative,multiplicative,na,na,na,na,na,na,na,additive,na,linear,106.77,31.35
0,US,Bing Ads,Generic,183,0.1,10.0,0.1,multiplicative,multiplicative,multiplicative,na,na,na,na,na,na,na,na,na,logistic,100.0,100.0
0,US,Bing Ads,Generic,183,0.1,10.0,0.1,multiplicative,multiplicative,multiplicative,na,na,na,na,na,na,na,multiplicative,na,linear,106.77,31.35
0,US,Bing Ads,Generic,183,0.1,10.0,0.1,multiplicative,multiplicative,multiplicative,na,na,na,na,na,na,na,additive,na,logistic,100.0,100.0
0,US,Bing Ads,Generic,183,0.1,10.0,0.1,multiplicative,multiplicative,multiplicative,na,na,na,na,na,na,na,multiplicative,na,logistic,100.0,100.0
0,US,Bing Ads,Generic,183,0.1,10.0,0.1,multiplicative,multiplicative,multiplicative,default,na,na,na,na,na,na,additive,na,linear,106.77,31.35
0,US,Bing Ads,Generic,183,0.1,10.0,0.1,multiplicative,multiplicative,multiplicative,default,na,na,na,na,na,na,na,na,linear,106.77,31.35
0,US,Bing Ads,Generic,183,0.1,10.0,0.1,multiplicative,multiplicative,multiplicative,default,na,na,na,na,na,na,na,na,logistic,100.0,100.0
0,US,Bing Ads,Generic,183,0.1,10.0,0.1,multiplicative,multiplicative,multiplicative,default,na,na,na,na,na,na,multiplicative,na,linear,106.77,31.35
0,US,Bing Ads,Generic,183,0.1,10.0,0.1,multiplicative,multiplicative,multiplicative,default,na,na,na,na,na,na,additive,na,logistic,100.0,100.0
0,US,Bing Ads,Generic,183,0.1,10.0,0.1,multiplicative,multiplicative,multiplicative,default,na,na,na,na,na,na,multiplicative,na,logistic,100.0,100.0
0,US,Bing Ads,Generic,183,0.1,10.0,0.1,multiplicative,multiplicative,multiplicative,customized,na,na,na,na,na,na,na,na,linear,106.77,31.35
0,US,Bing Ads,Generic,183,0.1,10.0,0.1,multiplicative,multiplicative,multiplicative,customized,na,na,na,na,na,na,additive,na,linear,106.77,31.35
0,US,Bing Ads,Generic,183,0.1,10.0,0.1,multiplicative,multiplicative,multiplicative,customized,na,na,na,na,na,na,na,na,logistic,100.0,100.0
0,US,Bing Ads,Generic,183,0.1,10.0,0.1,multiplicative,multiplicative,multiplicative,customized,na,na,na,na,na,na,multiplicative,na,linear,106.77,31.35
0,US,Bing Ads,Generic,183,0.1,10.0,0.1,multiplicative,multiplicative,multiplicative,customized,na,na,na,na,na,na,additive,na,logistic,100.0,100.0
0,US,Bing Ads,Generic,183,0.1,10.0,0.1,multiplicative,multiplicative,multiplicative,customized,na,na,na,na,na,na,multiplicative,na,logistic,100.0,100.0
0,US,Bing Ads,Generic,183,0.1,10.0,0.01,additive,additive,na,na,na,na,na,na,na,na,additive,na,linear,212.54,13.62
0,US,Bing Ads,Generic,183,0.1,10.0,0.01,additive,additive,na,na,na,na,na,na,na,na,na,na,linear,212.54,13.62
0,US,Bing Ads,Generic,183,0.1,10.0,0.01,additive,additive,na,na,na,na,na,na,na,na,na,na,logistic,115.05,44.800000000000004
0,US,Bing Ads,Generic,183,0.1,10.0,0.01,additive,additive,na,na,na,na,na,na,na,na,multiplicative,na,linear,212.54,13.62
0,US,Bing Ads,Generic,183,0.1,10.0,0.01,additive,additive,na,na,na,na,na,na,na,na,additive,na,logistic,115.05,44.800000000000004
0,US,Bing Ads,Generic,183,0.1,10.0,0.01,additive,additive,na,na,na,na,na,na,na,na,multiplicative,na,logistic,115.05,44.800000000000004
0,US,Bing Ads,Generic,183,0.1,10.0,0.01,additive,additive,na,default,na,na,na,na,na,na,na,na,linear,212.54,13.62
0,US,Bing Ads,Generic,183,0.1,10.0,0.01,additive,additive,na,default,na,na,na,na,na,na,additive,na,linear,212.54,13.62
0,US,Bing Ads,Generic,183,0.1,10.0,0.01,additive,additive,na,default,na,na,na,na,na,na,na,na,logistic,115.05,44.800000000000004
0,US,Bing Ads,Generic,183,0.1,10.0,0.01,additive,additive,na,default,na,na,na,na,na,na,multiplicative,na,linear,212.54,13.62
0,US,Bing Ads,Generic,183,0.1,10.0,0.01,additive,additive,na,default,na,na,na,na,na,na,additive,na,logistic,115.05,44.800000000000004
0,US,Bing Ads,Generic,183,0.1,10.0,0.01,additive,additive,na,default,na,na,na,na,na,na,multiplicative,na,logistic,115.05,44.800000000000004
0,US,Bing Ads,Generic,183,0.1,10.0,0.01,additive,additive,na,customized,na,na,na,na,na,na,na,na,linear,212.54,13.62
0,US,Bing Ads,Generic,183,0.1,10.0,0.01,additive,additive,na,customized,na,na,na,na,na,na,additive,na,linear,212.54,13.62
0,US,Bing Ads,Generic,183,0.1,10.0,0.01,additive,additive,na,customized,na,na,na,na,na,na,multiplicative,na,linear,212.54,13.62
0,US,Bing Ads,Generic,183,0.1,10.0,0.01,additive,additive,na,customized,na,na,na,na,na,na,na,na,logistic,115.05,44.800000000000004
0,US,Bing Ads,Generic,183,0.1,10.0,0.01,additive,additive,na,customized,na,na,na,na,na,na,additive,na,logistic,115.05,44.800000000000004
0,US,Bing Ads,Generic,183,0.1,10.0,0.01,additive,additive,na,customized,na,na,na,na,na,na,multiplicative,na,logistic,115.05,44.800000000000004
0,US,Bing Ads,Generic,183,0.1,10.0,0.01,additive,additive,additive,na,na,na,na,na,na,na,na,na,linear,214.64,14.580000000000002
0,US,Bing Ads,Generic,183,0.1,10.0,0.01,additive,additive,additive,na,na,na,na,na,na,na,additive,na,linear,214.64,14.580000000000002
0,US,Bing Ads,Generic,183,0.1,10.0,0.01,additive,additive,additive,na,na,na,na,na,na,na,na,na,logistic,335.85,53.73
0,US,Bing Ads,Generic,183,0.1,10.0,0.01,additive,additive,additive,na,na,na,na,na,na,na,multiplicative,na,linear,214.64,14.580000000000002
0,US,Bing Ads,Generic,183,0.1,10.0,0.01,additive,additive,additive,na,na,na,na,na,na,na,additive,na,logistic,335.85,53.73
0,US,Bing Ads,Generic,183,0.1,10.0,0.01,additive,additive,additive,na,na,na,na,na,na,na,multiplicative,na,logistic,335.85,53.73
0,US,Bing Ads,Generic,183,0.1,10.0,0.01,additive,additive,additive,default,na,na,na,na,na,na,na,na,linear,214.64,14.580000000000002
0,US,Bing Ads,Generic,183,0.1,10.0,0.01,additive,additive,additive,default,na,na,na,na,na,na,additive,na,linear,214.64,14.580000000000002
0,US,Bing Ads,Generic,183,0.1,10.0,0.01,additive,additive,additive,default,na,na,na,na,na,na,multiplicative,na,linear,214.64,14.580000000000002
0,US,Bing Ads,Generic,183,0.1,10.0,0.01,additive,additive,additive,default,na,na,na,na,na,na,na,na,logistic,335.85,53.73
0,US,Bing Ads,Generic,183,0.1,10.0,0.01,additive,additive,additive,default,na,na,na,na,na,na,additive,na,logistic,335.85,53.73
0,US,Bing Ads,Generic,183,0.1,10.0,0.01,additive,additive,additive,default,na,na,na,na,na,na,multiplicative,na,logistic,335.85,53.73
0,US,Bing Ads,Generic,183,0.1,10.0,0.01,additive,additive,additive,customized,na,na,na,na,na,na,na,na,linear,214.64,14.580000000000002
0,US,Bing Ads,Generic,183,0.1,10.0,0.01,additive,additive,additive,customized,na,na,na,na,na,na,additive,na,linear,214.64,14.580000000000002
0,US,Bing Ads,Generic,183,0.1,10.0,0.01,additive,additive,additive,customized,na,na,na,na,na,na,multiplicative,na,linear,214.64,14.580000000000002
0,US,Bing Ads,Generic,183,0.1,10.0,0.01,additive,additive,additive,customized,na,na,na,na,na,na,na,na,logistic,335.85,53.73
0,US,Bing Ads,Generic,183,0.1,10.0,0.01,additive,additive,additive,customized,na,na,na,na,na,na,additive,na,logistic,335.85,53.73
0,US,Bing Ads,Generic,183,0.1,10.0,0.01,additive,additive,additive,customized,na,na,na,na,na,na,multiplicative,na,logistic,335.85,53.73
0,US,Bing Ads,Generic,183,0.1,10.0,0.01,additive,additive,multiplicative,na,na,na,na,na,na,na,na,na,linear,210.9,12.91
0,US,Bing Ads,Generic,183,0.1,10.0,0.01,additive,additive,multiplicative,na,na,na,na,na,na,na,additive,na,linear,210.9,12.91
0,US,Bing Ads,Generic,183,0.1,10.0,0.01,additive,additive,multiplicative,na,na,na,na,na,na,na,multiplicative,na,linear,210.9,12.91
0,US,Bing Ads,Generic,183,0.1,10.0,0.01,additive,additive,multiplicative,na,na,na,na,na,na,na,na,na,logistic,115.13,44.78
0,US,Bing Ads,Generic,183,0.1,10.0,0.01,additive,additive,multiplicative,na,na,na,na,na,na,na,additive,na,logistic,115.13,44.78
0,US,Bing Ads,Generic,183,0.1,10.0,0.01,additive,additive,multiplicative,na,na,na,na,na,na,na,multiplicative,na,logistic,115.13,44.78
0,US,Bing Ads,Generic,183,0.1,10.0,0.01,additive,additive,multiplicative,default,na,na,na,na,na,na,na,na,linear,210.9,12.91
0,US,Bing Ads,Generic,183,0.1,10.0,0.01,additive,additive,multiplicative,default,na,na,na,na,na,na,additive,na,linear,210.9,12.91
0,US,Bing Ads,Generic,183,0.1,10.0,0.01,additive,additive,multiplicative,default,na,na,na,na,na,na,multiplicative,na,linear,210.9,12.91
0,US,Bing Ads,Generic,183,0.1,10.0,0.01,additive,additive,multiplicative,default,na,na,na,na,na,na,na,na,logistic,115.13,44.78
0,US,Bing Ads,Generic,183,0.1,10.0,0.01,additive,additive,multiplicative,default,na,na,na,na,na,na,additive,na,logistic,115.13,44.78
0,US,Bing Ads,Generic,183,0.1,10.0,0.01,additive,additive,multiplicative,default,na,na,na,na,na,na,multiplicative,na,logistic,115.13,44.78
0,US,Bing Ads,Generic,183,0.1,10.0,0.01,additive,additive,multiplicative,customized,na,na,na,na,na,na,na,na,linear,210.9,12.91
0,US,Bing Ads,Generic,183,0.1,10.0,0.01,additive,additive,multiplicative,customized,na,na,na,na,na,na,additive,na,linear,210.9,12.91
0,US,Bing Ads,Generic,183,0.1,10.0,0.01,additive,additive,multiplicative,customized,na,na,na,na,na,na,multiplicative,na,linear,210.9,12.91
0,US,Bing Ads,Generic,183,0.1,10.0,0.01,additive,additive,multiplicative,customized,na,na,na,na,na,na,na,na,logistic,115.13,44.78
0,US,Bing Ads,Generic,183,0.1,10.0,0.01,additive,additive,multiplicative,customized,na,na,na,na,na,na,additive,na,logistic,115.13,44.78
0,US,Bing Ads,Generic,183,0.1,10.0,0.01,additive,additive,multiplicative,customized,na,na,na,na,na,na,multiplicative,na,logistic,115.13,44.78
0,US,Bing Ads,Generic,183,0.1,10.0,0.01,additive,multiplicative,na,na,na,na,na,na,na,na,na,na,linear,216.59,16.24
0,US,Bing Ads,Generic,183,0.1,10.0,0.01,additive,multiplicative,na,na,na,na,na,na,na,na,additive,na,linear,216.59,16.24
0,US,Bing Ads,Generic,183,0.1,10.0,0.01,additive,multiplicative,na,na,na,na,na,na,na,na,na,na,logistic,108.97,50.449999999999996
0,US,Bing Ads,Generic,183,0.1,10.0,0.01,additive,multiplicative,na,na,na,na,na,na,na,na,multiplicative,na,linear,216.59,16.24
0,US,Bing Ads,Generic,183,0.1,10.0,0.01,additive,multiplicative,na,na,na,na,na,na,na,na,additive,na,logistic,108.97,50.449999999999996
0,US,Bing Ads,Generic,183,0.1,10.0,0.01,additive,multiplicative,na,na,na,na,na,na,na,na,multiplicative,na,logistic,108.97,50.449999999999996
0,US,Bing Ads,Generic,183,0.1,10.0,0.01,additive,multiplicative,na,default,na,na,na,na,na,na,na,na,linear,216.59,16.24
0,US,Bing Ads,Generic,183,0.1,10.0,0.01,additive,multiplicative,na,default,na,na,na,na,na,na,additive,na,linear,216.59,16.24
0,US,Bing Ads,Generic,183,0.1,10.0,0.01,additive,multiplicative,na,default,na,na,na,na,na,na,na,na,logistic,108.97,50.449999999999996
0,US,Bing Ads,Generic,183,0.1,10.0,0.01,additive,multiplicative,na,default,na,na,na,na,na,na,multiplicative,na,linear,216.59,16.24
0,US,Bing Ads,Generic,183,0.1,10.0,0.01,additive,multiplicative,na,default,na,na,na,na,na,na,additive,na,logistic,108.97,50.449999999999996
0,US,Bing Ads,Generic,183,0.1,10.0,0.01,additive,multiplicative,na,default,na,na,na,na,na,na,multiplicative,na,logistic,108.97,50.449999999999996
0,US,Bing Ads,Generic,183,0.1,10.0,0.01,additive,multiplicative,na,customized,na,na,na,na,na,na,na,na,linear,216.59,16.24
0,US,Bing Ads,Generic,183,0.1,10.0,0.01,additive,multiplicative,na,customized,na,na,na,na,na,na,additive,na,linear,216.59,16.24
0,US,Bing Ads,Generic,183,0.1,10.0,0.01,additive,multiplicative,na,customized,na,na,na,na,na,na,na,na,logistic,108.97,50.449999999999996
0,US,Bing Ads,Generic,183,0.1,10.0,0.01,additive,multiplicative,na,customized,na,na,na,na,na,na,multiplicative,na,linear,216.59,16.24
0,US,Bing Ads,Generic,183,0.1,10.0,0.01,additive,multiplicative,na,customized,na,na,na,na,na,na,additive,na,logistic,108.97,50.449999999999996
0,US,Bing Ads,Generic,183,0.1,10.0,0.01,additive,multiplicative,na,customized,na,na,na,na,na,na,multiplicative,na,logistic,108.97,50.449999999999996
0,US,Bing Ads,Generic,183,0.1,10.0,0.01,additive,multiplicative,additive,na,na,na,na,na,na,na,na,na,linear,215.77,15.49
0,US,Bing Ads,Generic,183,0.1,10.0,0.01,additive,multiplicative,additive,na,na,na,na,na,na,na,additive,na,linear,215.77,15.49
0,US,Bing Ads,Generic,183,0.1,10.0,0.01,additive,multiplicative,additive,na,na,na,na,na,na,na,multiplicative,na,linear,215.77,15.49
0,US,Bing Ads,Generic,183,0.1,10.0,0.01,additive,multiplicative,additive,na,na,na,na,na,na,na,na,na,logistic,318.42,44.5
0,US,Bing Ads,Generic,183,0.1,10.0,0.01,additive,multiplicative,additive,na,na,na,na,na,na,na,additive,na,logistic,318.42,44.5
0,US,Bing Ads,Generic,183,0.1,10.0,0.01,additive,multiplicative,additive,default,na,na,na,na,na,na,na,na,linear,215.77,15.49
0,US,Bing Ads,Generic,183,0.1,10.0,0.01,additive,multiplicative,additive,default,na,na,na,na,na,na,additive,na,linear,215.77,15.49
0,US,Bing Ads,Generic,183,0.1,10.0,0.01,additive,multiplicative,additive,default,na,na,na,na,na,na,multiplicative,na,linear,215.77,15.49
0,US,Bing Ads,Generic,183,0.1,10.0,0.01,additive,multiplicative,additive,default,na,na,na,na,na,na,additive,na,logistic,318.42,44.5
0,US,Bing Ads,Generic,183,0.1,10.0,0.01,additive,multiplicative,additive,default,na,na,na,na,na,na,na,na,logistic,318.42,44.5
0,US,Bing Ads,Generic,183,0.1,10.0,0.01,additive,multiplicative,additive,default,na,na,na,na,na,na,multiplicative,na,logistic,318.42,44.5
0,US,Bing Ads,Generic,183,0.1,10.0,0.01,additive,multiplicative,additive,customized,na,na,na,na,na,na,additive,na,linear,215.77,15.49
0,US,Bing Ads,Generic,183,0.1,10.0,0.01,additive,multiplicative,additive,customized,na,na,na,na,na,na,na,na,linear,215.77,15.49
0,US,Bing Ads,Generic,183,0.1,10.0,0.01,additive,multiplicative,additive,customized,na,na,na,na,na,na,multiplicative,na,linear,215.77,15.49
0,US,Bing Ads,Generic,183,0.1,10.0,0.01,additive,multiplicative,additive,customized,na,na,na,na,na,na,additive,na,logistic,318.42,44.5
0,US,Bing Ads,Generic,183,0.1,10.0,0.01,additive,multiplicative,additive,customized,na,na,na,na,na,na,na,na,logistic,318.42,44.5
0,US,Bing Ads,Generic,183,0.1,10.0,0.01,additive,multiplicative,additive,customized,na,na,na,na,na,na,multiplicative,na,logistic,318.42,44.5
0,US,Bing Ads,Generic,183,0.1,10.0,0.01,additive,multiplicative,multiplicative,na,na,na,na,na,na,na,na,na,linear,213.61,14.729999999999999
0,US,Bing Ads,Generic,183,0.1,10.0,0.01,additive,multiplicative,multiplicative,na,na,na,na,na,na,na,additive,na,linear,213.61,14.729999999999999
0,US,Bing Ads,Generic,183,0.1,10.0,0.01,additive,multiplicative,multiplicative,na,na,na,na,na,na,na,multiplicative,na,linear,213.61,14.729999999999999
0,US,Bing Ads,Generic,183,0.1,10.0,0.01,additive,multiplicative,multiplicative,na,na,na,na,na,na,na,na,na,logistic,105.04,51.870000000000005
0,US,Bing Ads,Generic,183,0.1,10.0,0.01,additive,multiplicative,multiplicative,na,na,na,na,na,na,na,additive,na,logistic,105.04,51.870000000000005
0,US,Bing Ads,Generic,183,0.1,10.0,0.01,additive,multiplicative,multiplicative,na,na,na,na,na,na,na,multiplicative,na,logistic,105.04,51.870000000000005
0,US,Bing Ads,Generic,183,0.1,10.0,0.01,additive,multiplicative,multiplicative,default,na,na,na,na,na,na,na,na,linear,213.61,14.729999999999999
0,US,Bing Ads,Generic,183,0.1,10.0,0.01,additive,multiplicative,multiplicative,default,na,na,na,na,na,na,additive,na,linear,213.61,14.729999999999999
0,US,Bing Ads,Generic,183,0.1,10.0,0.01,additive,multiplicative,multiplicative,default,na,na,na,na,na,na,multiplicative,na,linear,213.61,14.729999999999999
0,US,Bing Ads,Generic,183,0.1,10.0,0.01,additive,multiplicative,multiplicative,default,na,na,na,na,na,na,na,na,logistic,105.04,51.870000000000005
0,US,Bing Ads,Generic,183,0.1,10.0,0.01,additive,multiplicative,multiplicative,default,na,na,na,na,na,na,additive,na,logistic,105.04,51.870000000000005
0,US,Bing Ads,Generic,183,0.1,10.0,0.01,additive,multiplicative,multiplicative,default,na,na,na,na,na,na,multiplicative,na,logistic,105.04,51.870000000000005
0,US,Bing Ads,Generic,183,0.1,10.0,0.01,additive,multiplicative,multiplicative,customized,na,na,na,na,na,na,na,na,linear,213.61,14.729999999999999
0,US,Bing Ads,Generic,183,0.1,10.0,0.01,additive,multiplicative,multiplicative,customized,na,na,na,na,na,na,additive,na,linear,213.61,14.729999999999999
0,US,Bing Ads,Generic,183,0.1,10.0,0.01,additive,multiplicative,multiplicative,customized,na,na,na,na,na,na,multiplicative,na,linear,213.61,14.729999999999999
0,US,Bing Ads,Generic,183,0.1,10.0,0.01,additive,multiplicative,multiplicative,customized,na,na,na,na,na,na,na,na,logistic,105.04,51.870000000000005
